Timestamp: 	10998.933816	HandID: 0	Palm_Position: [32.6644,118.669,37.9985]	
Timestamp: 	10998.94318	HandID: 0	Palm_Position: [32.6714,118.683,38.0119]	
Timestamp: 	10998.952364	HandID: 0	Palm_Position: [32.6774,118.696,38.0241]	
Timestamp: 	10998.961765	HandID: 0	Palm_Position: [32.6826,118.71,38.0366]	
Timestamp: 	10998.971142	HandID: 0	Palm_Position: [32.6885,118.726,38.0499]	
Timestamp: 	10998.980553	HandID: 0	Palm_Position: [32.6931,118.745,38.0635]	
Timestamp: 	10998.989766	HandID: 0	Palm_Position: [32.6947,118.767,38.0781]	
Timestamp: 	10998.999123	HandID: 0	Palm_Position: [32.6939,118.796,38.0966]	
Timestamp: 	10999.008503	HandID: 0	Palm_Position: [32.6885,118.829,38.1178]	
Timestamp: 	10999.01793	HandID: 0	Palm_Position: [32.6838,118.864,38.1396]	
Timestamp: 	10999.02714	HandID: 0	Palm_Position: [32.6734,118.913,38.1667]	
Timestamp: 	10999.036517	HandID: 0	Palm_Position: [32.6615,118.956,38.1883]	
Timestamp: 	10999.045901	HandID: 0	Palm_Position: [32.6493,118.999,38.209]	
Timestamp: 	10999.055261	HandID: 0	Palm_Position: [32.6336,119.039,38.2273]	
Timestamp: 	10999.064514	HandID: 0	Palm_Position: [32.6161,119.077,38.2427]	
Timestamp: 	10999.073858	HandID: 0	Palm_Position: [32.5967,119.111,38.2552]	
Timestamp: 	10999.083255	HandID: 0	Palm_Position: [32.5772,119.142,38.2665]	
Timestamp: 	10999.092594	HandID: 0	Palm_Position: [32.5589,119.169,38.2753]	
Timestamp: 	10999.101871	HandID: 0	Palm_Position: [32.5412,119.194,38.2833]	
Timestamp: 	10999.111227	HandID: 0	Palm_Position: [32.5239,119.218,38.2903]	
Timestamp: 	10999.120628	HandID: 0	Palm_Position: [32.5064,119.241,38.2958]	
Timestamp: 	10999.129966	HandID: 0	Palm_Position: [32.488,119.265,38.3002]	
Timestamp: 	10999.139268	HandID: 0	Palm_Position: [32.4684,119.29,38.3047]	
Timestamp: 	10999.148628	HandID: 0	Palm_Position: [32.4476,119.316,38.308]	
Timestamp: 	10999.158034	HandID: 0	Palm_Position: [32.4279,119.342,38.3105]	
Timestamp: 	10999.167364	HandID: 0	Palm_Position: [32.4095,119.364,38.3123]	
Timestamp: 	10999.176646	HandID: 0	Palm_Position: [32.3917,119.386,38.3135]	
Timestamp: 	10999.186018	HandID: 0	Palm_Position: [32.3746,119.407,38.3137]	
Timestamp: 	10999.195385	HandID: 0	Palm_Position: [32.3596,119.425,38.3139]	
Timestamp: 	10999.204747	HandID: 0	Palm_Position: [32.3443,119.442,38.3134]	
Timestamp: 	10999.214031	HandID: 0	Palm_Position: [32.33,119.458,38.3118]	
Timestamp: 	10999.223376	HandID: 0	Palm_Position: [32.3165,119.473,38.3099]	
Timestamp: 	10999.232773	HandID: 0	Palm_Position: [32.3031,119.486,38.306]	
Timestamp: 	10999.242247	HandID: 0	Palm_Position: [32.2904,119.499,38.3014]	
Timestamp: 	10999.251591	HandID: 0	Palm_Position: [32.2761,119.513,38.294]	
Timestamp: 	10999.260759	HandID: 0	Palm_Position: [32.2604,119.524,38.2854]	
Timestamp: 	10999.274234	HandID: 0	Palm_Position: [32.2319,119.537,38.2745]	
Timestamp: 	10999.279981	HandID: 0	Palm_Position: [32.2147,119.541,38.2657]	
Timestamp: 	10999.288915	HandID: 0	Palm_Position: [32.0971,119.52,38.1973]	
Timestamp: 	10999.298133	HandID: 0	Palm_Position: [31.9395,119.461,38.1031]	
Timestamp: 	10999.307514	HandID: 0	Palm_Position: [31.8083,119.385,37.9437]	
Timestamp: 	10999.316886	HandID: 0	Palm_Position: [31.7144,119.358,37.81]	
Timestamp: 	10999.326306	HandID: 0	Palm_Position: [31.5695,119.391,37.581]	
Timestamp: 	10999.335521	HandID: 0	Palm_Position: [31.3831,119.4,37.3588]	
Timestamp: 	10999.344888	HandID: 0	Palm_Position: [31.1168,119.451,37.1112]	
Timestamp: 	10999.354285	HandID: 0	Palm_Position: [30.7829,119.548,36.8395]	
Timestamp: 	10999.363706	HandID: 0	Palm_Position: [30.4155,119.703,36.5396]	
Timestamp: 	10999.372852	HandID: 0	Palm_Position: [29.9773,119.881,36.1342]	
Timestamp: 	10999.382232	HandID: 0	Palm_Position: [29.5229,120.242,35.7608]	
Timestamp: 	10999.391652	HandID: 0	Palm_Position: [28.9715,120.756,35.3877]	
Timestamp: 	10999.401064	HandID: 0	Palm_Position: [28.4023,121.556,34.7747]	
Timestamp: 	10999.410228	HandID: 0	Palm_Position: [27.8223,123.015,33.9627]	
Timestamp: 	10999.419648	HandID: 0	Palm_Position: [27.2275,124.869,31.3394]	
Timestamp: 	10999.428995	HandID: 0	Palm_Position: [26.5147,125.802,30.3449]	
Timestamp: 	10999.438429	HandID: 0	Palm_Position: [25.8642,126.668,30.2892]	
Timestamp: 	10999.447634	HandID: 0	Palm_Position: [24.4845,126.771,29.607]	
Timestamp: 	10999.457029	HandID: 0	Palm_Position: [24.6694,126.761,29.9021]	
Timestamp: 	10999.466392	HandID: 0	Palm_Position: [25.1232,127.987,31.0486]	
Timestamp: 	10999.47579	HandID: 0	Palm_Position: [25.468,129.933,32.533]	
Timestamp: 	10999.485012	HandID: 0	Palm_Position: [25.6151,132.138,33.5642]	
Timestamp: 	10999.494373	HandID: 0	Palm_Position: [25.4158,134.451,34.0961]	
Timestamp: 	10999.503748	HandID: 0	Palm_Position: [25.1147,136.132,34.1367]	
Timestamp: 	10999.513166	HandID: 0	Palm_Position: [24.7402,137.17,33.8455]	
Timestamp: 	10999.522383	HandID: 0	Palm_Position: [24.3689,137.873,33.4033]	
Timestamp: 	10999.531771	HandID: 0	Palm_Position: [24.0098,138.313,32.8044]	
Timestamp: 	10999.541108	HandID: 0	Palm_Position: [23.6644,138.862,31.5758]	
Timestamp: 	10999.550514	HandID: 0	Palm_Position: [22.2145,139.743,30.0125]	
Timestamp: 	10999.559746	HandID: 0	Palm_Position: [21.4915,140.276,28.3111]	
Timestamp: 	10999.569161	HandID: 0	Palm_Position: [21.4076,140.436,25.9911]	
Timestamp: 	10999.578498	HandID: 0	Palm_Position: [22.4388,140.534,23.4374]	
Timestamp: 	10999.587883	HandID: 0	Palm_Position: [23.4717,139.474,22.2378]	
Timestamp: 	10999.597173	HandID: 0	Palm_Position: [23.7257,138.493,22.1701]	
Timestamp: 	10999.606481	HandID: 0	Palm_Position: [23.6414,137.737,22.3893]	
Timestamp: 	10999.615886	HandID: 0	Palm_Position: [23.4257,136.47,22.6924]	
Timestamp: 	10999.625251	HandID: 0	Palm_Position: [22.795,135.307,22.9997]	
Timestamp: 	10999.634512	HandID: 0	Palm_Position: [21.8097,134.199,24.0302]	
Timestamp: 	10999.643864	HandID: 0	Palm_Position: [21.1717,134.366,24.5478]	
Timestamp: 	10999.653244	HandID: 0	Palm_Position: [21.1305,135.274,25.6246]	
Timestamp: 	10999.662622	HandID: 0	Palm_Position: [21.3732,136.728,27.689]	
Timestamp: 	10999.671868	HandID: 0	Palm_Position: [21.5106,137.93,28.9196]	
Timestamp: 	10999.681284	HandID: 0	Palm_Position: [22.0662,139.222,30.5352]	
Timestamp: 	10999.69061	HandID: 0	Palm_Position: [21.9963,140.168,31.3327]	
Timestamp: 	10999.700023	HandID: 0	Palm_Position: [21.9468,140.881,31.5019]	
Timestamp: 	10999.709245	HandID: 0	Palm_Position: [21.8046,141.43,31.57]	
Timestamp: 	10999.718623	HandID: 0	Palm_Position: [21.6027,141.94,31.6721]	
Timestamp: 	10999.728013	HandID: 0	Palm_Position: [21.4531,142.397,31.589]	
Timestamp: 	10999.737388	HandID: 0	Palm_Position: [21.2283,142.944,31.1604]	
Timestamp: 	10999.746885	HandID: 0	Palm_Position: [20.8991,143.433,29.3239]	
Timestamp: 	10999.756014	HandID: 0	Palm_Position: [20.1151,142.177,27.2089]	
Timestamp: 	10999.765458	HandID: 0	Palm_Position: [19.0031,141.025,24.3175]	
Timestamp: 	10999.774736	HandID: 0	Palm_Position: [19.2051,140.812,22.0565]	
Timestamp: 	10999.784174	HandID: 0	Palm_Position: [19.4311,139.767,20.0088]	
Timestamp: 	10999.793358	HandID: 0	Palm_Position: [21.8904,132.031,27.0346]	
Timestamp: 	10999.80275	HandID: 0	Palm_Position: [24.3876,131.801,31.0088]	
Timestamp: 	10999.812153	HandID: 0	Palm_Position: [25.3421,132.443,33.8761]	
Timestamp: 	10999.821548	HandID: 0	Palm_Position: [26.1266,133.09,35.2278]	
Timestamp: 	10999.83078	HandID: 0	Palm_Position: [26.4212,133.667,35.5498]	
Timestamp: 	10999.840107	HandID: 0	Palm_Position: [26.397,133.788,35.5687]	
Timestamp: 	10999.849517	HandID: 0	Palm_Position: [26.3098,133.829,35.6397]	
Timestamp: 	10999.85894	HandID: 0	Palm_Position: [26.2225,133.723,35.8314]	
Timestamp: 	10999.868139	HandID: 0	Palm_Position: [26.0021,133.486,36.1377]	
Timestamp: 	10999.877522	HandID: 0	Palm_Position: [25.392,132.79,37.1043]	
Timestamp: 	10999.886904	HandID: 0	Palm_Position: [25.1546,132.418,37.9724]	
Timestamp: 	10999.896325	HandID: 0	Palm_Position: [25.2352,132.285,38.4136]	
Timestamp: 	10999.905502	HandID: 0	Palm_Position: [25.2284,132.271,38.5107]	
Timestamp: 	10999.914926	HandID: 0	Palm_Position: [24.9759,131.955,38.4602]	
Timestamp: 	10999.924231	HandID: 0	Palm_Position: [24.7963,131.853,38.0633]	
Timestamp: 	10999.933712	HandID: 0	Palm_Position: [24.7754,131.864,37.5788]	
Timestamp: 	10999.94286	HandID: 0	Palm_Position: [24.8733,131.772,36.8937]	
Timestamp: 	10999.952246	HandID: 0	Palm_Position: [24.9599,131.293,36.3385]	
Timestamp: 	10999.961644	HandID: 0	Palm_Position: [25.1282,129.612,36.3625]	
Timestamp: 	10999.971054	HandID: 0	Palm_Position: [24.8057,126.687,36.6058]	
Timestamp: 	10999.980246	HandID: 0	Palm_Position: [25.5212,124.421,36.2708]	
Timestamp: 	10999.989684	HandID: 0	Palm_Position: [26.5071,122.56,36.6806]	
Timestamp: 	10999.999009	HandID: 0	Palm_Position: [27.4582,121.134,36.6372]	
Timestamp: 	11000.008417	HandID: 0	Palm_Position: [27.8674,120.522,36.7651]	
Timestamp: 	11000.017663	HandID: 0	Palm_Position: [28.1438,120.028,36.4349]	
Timestamp: 	11000.027006	HandID: 0	Palm_Position: [28.3506,119.668,36.117]	
Timestamp: 	11000.036397	HandID: 0	Palm_Position: [28.4484,119.865,35.123]	
Timestamp: 	11000.045801	HandID: 0	Palm_Position: [28.931,120.664,34.0325]	
Timestamp: 	11000.055027	HandID: 0	Palm_Position: [29.3195,121.421,33.1131]	
Timestamp: 	11000.064388	HandID: 0	Palm_Position: [29.7411,123.225,32.1054]	
Timestamp: 	11000.073733	HandID: 0	Palm_Position: [28.5423,124.573,30.661]	
Timestamp: 	11000.083206	HandID: 0	Palm_Position: [28.2242,124.729,30.0469]	
Timestamp: 	11000.092387	HandID: 0	Palm_Position: [28.7315,125.634,30.6405]	
Timestamp: 	11000.101781	HandID: 0	Palm_Position: [29.3711,127.539,31.7581]	
Timestamp: 	11000.111154	HandID: 0	Palm_Position: [29.3503,129.673,33.1247]	
Timestamp: 	11000.120478	HandID: 0	Palm_Position: [28.7034,131.729,34.8615]	
Timestamp: 	11000.129738	HandID: 0	Palm_Position: [27.7765,133.528,36.0852]	
Timestamp: 	11000.139149	HandID: 0	Palm_Position: [26.8418,135.314,36.898]	
Timestamp: 	11000.148553	HandID: 0	Palm_Position: [26.094,136.821,37.2279]	
Timestamp: 	11000.157902	HandID: 0	Palm_Position: [25.6008,138.028,37.2653]	
Timestamp: 	11000.167254	HandID: 0	Palm_Position: [25.2148,139.099,37.0396]	
Timestamp: 	11000.176488	HandID: 0	Palm_Position: [25.1552,139.882,36.5031]	
Timestamp: 	11000.185879	HandID: 0	Palm_Position: [24.8509,140.623,35.4243]	
Timestamp: 	11000.195256	HandID: 0	Palm_Position: [24.7271,141.337,33.4619]	
Timestamp: 	11000.204539	HandID: 0	Palm_Position: [24.3848,141.421,32.2406]	
Timestamp: 	11000.213884	HandID: 0	Palm_Position: [23.2061,141.112,30.7426]	
Timestamp: 	11000.223279	HandID: 0	Palm_Position: [22.4483,140.724,30.8843]	
Timestamp: 	11000.23263	HandID: 0	Palm_Position: [22.1937,140.677,30.9881]	
Timestamp: 	11000.242063	HandID: 0	Palm_Position: [22.0716,140.44,31.025]	
Timestamp: 	11000.251254	HandID: 0	Palm_Position: [22.6547,139.968,30.978]	
Timestamp: 	11000.260622	HandID: 0	Palm_Position: [23.2819,139.094,31.0922]	
Timestamp: 	11000.270365	HandID: 0	Palm_Position: [23.6682,138.111,31.3722]	
Timestamp: 	11000.279401	HandID: 0	Palm_Position: [23.7592,136.928,31.5058]	
Timestamp: 	11000.288615	HandID: 0	Palm_Position: [23.5165,135.432,31.3824]	
Timestamp: 	11000.298064	HandID: 0	Palm_Position: [22.9989,134.224,31.394]	
Timestamp: 	11000.307349	HandID: 0	Palm_Position: [22.2607,133.471,31.5452]	
Timestamp: 	11000.316756	HandID: 0	Palm_Position: [21.4781,133.682,33.1082]	
Timestamp: 	11000.326016	HandID: 0	Palm_Position: [21.7861,135.416,34.9454]	
Timestamp: 	11000.335401	HandID: 0	Palm_Position: [22.1281,136.459,36.3178]	
Timestamp: 	11000.344722	HandID: 0	Palm_Position: [22.6117,137.537,37.1104]	
Timestamp: 	11000.354183	HandID: 0	Palm_Position: [22.8727,138.41,37.5049]	
Timestamp: 	11000.363379	HandID: 0	Palm_Position: [22.8665,138.952,37.5461]	
Timestamp: 	11000.372827	HandID: 0	Palm_Position: [22.8783,139.604,37.2634]	
Timestamp: 	11000.382127	HandID: 0	Palm_Position: [22.8535,140.055,36.9635]	
Timestamp: 	11000.391549	HandID: 0	Palm_Position: [22.9348,140.582,35.7041]	
Timestamp: 	11000.400759	HandID: 0	Palm_Position: [22.9147,140.644,33.6203]	
Timestamp: 	11000.410101	HandID: 0	Palm_Position: [22.6634,139.715,31.7874]	
Timestamp: 	11000.419649	HandID: 0	Palm_Position: [22.0513,138.288,30.2503]	
Timestamp: 	11000.428935	HandID: 0	Palm_Position: [21.5564,137.926,29.2877]	
Timestamp: 	11000.438103	HandID: 0	Palm_Position: [21.5341,137.696,28.9179]	
Timestamp: 	11000.447504	HandID: 0	Palm_Position: [21.7144,137.569,28.7108]	
Timestamp: 	11000.456874	HandID: 0	Palm_Position: [21.9824,137.304,28.8288]	
Timestamp: 	11000.466257	HandID: 0	Palm_Position: [22.599,137.142,29.9576]	
Timestamp: 	11000.475521	HandID: 0	Palm_Position: [23.0752,137.304,31.6499]	
Timestamp: 	11000.484876	HandID: 0	Palm_Position: [23.6361,137.85,33.521]	
Timestamp: 	11000.494244	HandID: 0	Palm_Position: [24.1622,139.165,35.3309]	
Timestamp: 	11000.503641	HandID: 0	Palm_Position: [24.941,140.501,36.9216]	
Timestamp: 	11000.512914	HandID: 0	Palm_Position: [25.6775,141.342,37.7116]	
Timestamp: 	11000.52223	HandID: 0	Palm_Position: [26.032,141.419,37.9453]	
Timestamp: 	11000.53164	HandID: 0	Palm_Position: [26.0224,141.517,38.0322]	
Timestamp: 	11000.541064	HandID: 0	Palm_Position: [25.9763,141.621,38.0851]	
Timestamp: 	11000.550247	HandID: 0	Palm_Position: [25.938,141.756,38.1498]	
Timestamp: 	11000.559688	HandID: 0	Palm_Position: [25.854,142.095,37.9084]	
Timestamp: 	11000.569013	HandID: 0	Palm_Position: [25.3305,142.522,36.7778]	
Timestamp: 	11000.578381	HandID: 0	Palm_Position: [24.6237,142.299,34.8102]	
Timestamp: 	11000.587636	HandID: 0	Palm_Position: [24.1672,141.862,32.382]	
Timestamp: 	11000.597019	HandID: 0	Palm_Position: [23.1547,142.225,30.0038]	
Timestamp: 	11000.606376	HandID: 0	Palm_Position: [21.509,140.377,28.2731]	
Timestamp: 	11000.615751	HandID: 0	Palm_Position: [21.6837,138.752,26.9446]	
Timestamp: 	11000.624996	HandID: 0	Palm_Position: [22.1458,137.475,25.5476]	
Timestamp: 	11000.634376	HandID: 0	Palm_Position: [23.0756,135.574,24.0445]	
Timestamp: 	11000.643742	HandID: 0	Palm_Position: [23.3595,133.098,22.8007]	
Timestamp: 	11000.653116	HandID: 0	Palm_Position: [23.2984,130.66,22.125]	
Timestamp: 	11000.662512	HandID: 0	Palm_Position: [23.3596,129.374,22.3972]	
Timestamp: 	11000.671736	HandID: 0	Palm_Position: [23.5105,128.687,24.0104]	
Timestamp: 	11000.681149	HandID: 0	Palm_Position: [23.3174,128.348,26.1313]	
Timestamp: 	11000.690476	HandID: 0	Palm_Position: [23.4554,128.793,27.0763]	
Timestamp: 	11000.699875	HandID: 0	Palm_Position: [24.2756,129.771,28.653]	
Timestamp: 	11000.709135	HandID: 0	Palm_Position: [25.5327,132.319,31.3709]	
Timestamp: 	11000.718568	HandID: 0	Palm_Position: [26.2011,134.657,33.3634]	
Timestamp: 	11000.727882	HandID: 0	Palm_Position: [26.4259,136.243,34.3723]	
Timestamp: 	11000.737105	HandID: 0	Palm_Position: [26.0574,137.985,35.3286]	
Timestamp: 	11000.746608	HandID: 0	Palm_Position: [25.8154,139.078,35.6784]	
Timestamp: 	11000.755867	HandID: 0	Palm_Position: [25.6451,139.647,35.7863]	
Timestamp: 	11000.76526	HandID: 0	Palm_Position: [25.5091,140.09,35.7207]	
Timestamp: 	11000.77469	HandID: 0	Palm_Position: [25.2375,140.838,35.3805]	
Timestamp: 	11000.783871	HandID: 0	Palm_Position: [24.7772,141.71,34.7277]	
Timestamp: 	11000.793265	HandID: 0	Palm_Position: [24.109,142.892,33.055]	
Timestamp: 	11000.802628	HandID: 0	Palm_Position: [23.8578,143.465,30.5827]	
Timestamp: 	11000.812018	HandID: 0	Palm_Position: [22.637,141.487,26.4517]	
Timestamp: 	11000.821311	HandID: 0	Palm_Position: [22.8849,139.602,23.7376]	
Timestamp: 	11000.830629	HandID: 0	Palm_Position: [23.5301,138.007,21.7862]	
Timestamp: 	11000.840006	HandID: 0	Palm_Position: [24.4543,136.496,20.3902]	
Timestamp: 	11000.849484	HandID: 0	Palm_Position: [25.2883,135.04,19.6027]	
Timestamp: 	11000.858619	HandID: 0	Palm_Position: [25.3671,133.619,19.2802]	
Timestamp: 	11000.868035	HandID: 0	Palm_Position: [25.4834,132.321,19.4431]	
Timestamp: 	11000.87741	HandID: 0	Palm_Position: [25.652,131.323,20.4483]	
Timestamp: 	11000.886797	HandID: 0	Palm_Position: [25.6544,130.357,22.3908]	
Timestamp: 	11000.896035	HandID: 0	Palm_Position: [25.3441,129.648,24.3328]	
Timestamp: 	11000.905414	HandID: 0	Palm_Position: [25.9377,129.565,26.7483]	
Timestamp: 	11000.914769	HandID: 0	Palm_Position: [26.8783,131.176,28.8567]	
Timestamp: 	11000.924178	HandID: 0	Palm_Position: [28.1056,134.057,31.1961]	
Timestamp: 	11000.933371	HandID: 0	Palm_Position: [28.7661,136.326,32.8811]	
Timestamp: 	11000.942739	HandID: 0	Palm_Position: [29.0459,137.868,33.6106]	
Timestamp: 	11000.952104	HandID: 0	Palm_Position: [28.8686,139.236,34.0638]	
Timestamp: 	11000.961505	HandID: 0	Palm_Position: [28.7419,139.925,34.2725]	
Timestamp: 	11000.970753	HandID: 0	Palm_Position: [28.6419,140.32,34.3609]	
Timestamp: 	11000.980124	HandID: 0	Palm_Position: [28.5401,140.722,34.3483]	
Timestamp: 	11000.989511	HandID: 0	Palm_Position: [28.3866,141.057,34.3989]	
Timestamp: 	11000.998873	HandID: 0	Palm_Position: [28.1718,141.324,34.0161]	
Timestamp: 	11001.008152	HandID: 0	Palm_Position: [27.5039,141.37,32.6565]	
Timestamp: 	11001.017527	HandID: 0	Palm_Position: [26.6378,140.995,30.653]	
Timestamp: 	11001.026896	HandID: 0	Palm_Position: [26.1581,140.471,27.7701]	
Timestamp: 	11001.036295	HandID: 0	Palm_Position: [25.8217,139.089,26.4693]	
Timestamp: 	11001.045498	HandID: 0	Palm_Position: [25.495,137.555,25.1195]	
Timestamp: 	11001.054866	HandID: 0	Palm_Position: [25.3089,135.682,24.2479]	
Timestamp: 	11001.064227	HandID: 0	Palm_Position: [25.6598,135.769,24.5114]	
Timestamp: 	11001.07367	HandID: 0	Palm_Position: [26.7294,136.116,26.402]	
Timestamp: 	11001.082898	HandID: 0	Palm_Position: [27.3019,136.778,28.5645]	
Timestamp: 	11001.092267	HandID: 0	Palm_Position: [27.7951,138.703,30.4533]	
Timestamp: 	11001.101606	HandID: 0	Palm_Position: [28.5979,140.47,32.3671]	
Timestamp: 	11001.111053	HandID: 0	Palm_Position: [29.0214,141.827,33.5192]	
Timestamp: 	11001.120229	HandID: 0	Palm_Position: [29.3096,142.431,33.9977]	
Timestamp: 	11001.129668	HandID: 0	Palm_Position: [29.3741,142.539,33.988]	
Timestamp: 	11001.139034	HandID: 0	Palm_Position: [29.1193,142.631,33.1386]	
Timestamp: 	11001.148374	HandID: 0	Palm_Position: [28.5946,142.739,31.8615]	
Timestamp: 	11001.157627	HandID: 0	Palm_Position: [28.108,142.757,30.7852]	
Timestamp: 	11001.167012	HandID: 0	Palm_Position: [27.9753,142.838,29.8845]	
Timestamp: 	11001.176367	HandID: 0	Palm_Position: [27.8031,143.012,28.89]	
Timestamp: 	11001.185745	HandID: 0	Palm_Position: [27.386,143.99,28.0987]	
Timestamp: 	11001.195008	HandID: 0	Palm_Position: [27.0903,145.563,26.6467]	
Timestamp: 	11001.204381	HandID: 0	Palm_Position: [26.9531,145.72,25.6829]	
Timestamp: 	11001.21374	HandID: 0	Palm_Position: [26.0977,143.715,25.1201]	
Timestamp: 	11001.223106	HandID: 0	Palm_Position: [25.9332,142.054,25.7953]	
Timestamp: 	11001.232381	HandID: 0	Palm_Position: [26.086,141.009,27.4696]	
Timestamp: 	11001.241743	HandID: 0	Palm_Position: [26.6152,140.862,29.3799]	
Timestamp: 	11001.25121	HandID: 0	Palm_Position: [27.3212,141.565,31.3493]	
Timestamp: 	11001.260546	HandID: 0	Palm_Position: [27.8211,142.809,33.1981]	
Timestamp: 	11001.269765	HandID: 0	Palm_Position: [28.5933,143.85,34.8619]	
Timestamp: 	11001.279178	HandID: 0	Palm_Position: [29.2835,144.408,35.4687]	
Timestamp: 	11001.288486	HandID: 0	Palm_Position: [29.5131,144.844,35.5146]	
Timestamp: 	11001.297831	HandID: 0	Palm_Position: [29.8189,145.348,35.5423]	
Timestamp: 	11001.307153	HandID: 0	Palm_Position: [29.8904,145.899,35.254]	
Timestamp: 	11001.316501	HandID: 0	Palm_Position: [29.9831,146.213,35.058]	
Timestamp: 	11001.325839	HandID: 0	Palm_Position: [30.0584,146.57,34.445]	
Timestamp: 	11001.335249	HandID: 0	Palm_Position: [29.9298,146.997,33.544]	
Timestamp: 	11001.344637	HandID: 0	Palm_Position: [29.3648,147.149,32.746]	
Timestamp: 	11001.353878	HandID: 0	Palm_Position: [28.5516,147.551,31.3003]	
Timestamp: 	11001.363242	HandID: 0	Palm_Position: [27.8195,147.914,29.6069]	
Timestamp: 	11001.372642	HandID: 0	Palm_Position: [27.0817,147.004,27.5089]	
Timestamp: 	11001.382001	HandID: 0	Palm_Position: [26.9156,145.986,25.3187]	
Timestamp: 	11001.391245	HandID: 0	Palm_Position: [27.0938,144.544,23.3938]	
Timestamp: 	11001.400625	HandID: 0	Palm_Position: [27.3132,142.856,22.1886]	
Timestamp: 	11001.410011	HandID: 0	Palm_Position: [27.4378,141.602,21.9626]	
Timestamp: 	11001.419384	HandID: 0	Palm_Position: [27.2181,139.403,22.2469]	
Timestamp: 	11001.428634	HandID: 0	Palm_Position: [26.5039,137.828,22.5545]	
Timestamp: 	11001.437983	HandID: 0	Palm_Position: [26.6761,136.733,24.5262]	
Timestamp: 	11001.447373	HandID: 0	Palm_Position: [28.0186,136.939,26.5981]	
Timestamp: 	11001.456789	HandID: 0	Palm_Position: [29.2806,138.481,30.1896]	
Timestamp: 	11001.466	HandID: 0	Palm_Position: [29.7212,140.153,32.6761]	
Timestamp: 	11001.475387	HandID: 0	Palm_Position: [30.4063,141.544,34.3887]	
Timestamp: 	11001.484729	HandID: 0	Palm_Position: [30.6958,142.434,35.5031]	
Timestamp: 	11001.49415	HandID: 0	Palm_Position: [30.8385,142.884,36.2612]	
Timestamp: 	11001.503405	HandID: 0	Palm_Position: [30.7764,143.125,36.6857]	
Timestamp: 	11001.512755	HandID: 0	Palm_Position: [30.6326,143.257,36.7555]	
Timestamp: 	11001.522103	HandID: 0	Palm_Position: [30.3474,143.476,36.7736]	
Timestamp: 	11001.531522	HandID: 0	Palm_Position: [29.9182,143.716,36.7304]	
Timestamp: 	11001.540746	HandID: 0	Palm_Position: [29.5418,143.854,36.6128]	
Timestamp: 	11001.550161	HandID: 0	Palm_Position: [28.8962,144.056,35.2969]	
Timestamp: 	11001.559507	HandID: 0	Palm_Position: [28.7006,143.773,33.572]	
Timestamp: 	11001.56896	HandID: 0	Palm_Position: [27.5666,143.818,30.6208]	
Timestamp: 	11001.578459	HandID: 0	Palm_Position: [26.773,143.493,28.3301]	
Timestamp: 	11001.587504	HandID: 0	Palm_Position: [26.395,143.246,26.6069]	
Timestamp: 	11001.596881	HandID: 0	Palm_Position: [26.4837,143.345,25.6331]	
Timestamp: 	11001.606288	HandID: 0	Palm_Position: [26.4339,143.214,24.4712]	
Timestamp: 	11001.615509	HandID: 0	Palm_Position: [26.5887,143.014,24.5393]	
Timestamp: 	11001.624869	HandID: 0	Palm_Position: [27.431,142.939,26.1247]	
Timestamp: 	11001.634237	HandID: 0	Palm_Position: [28.4138,143.694,27.7025]	
Timestamp: 	11001.643628	HandID: 0	Palm_Position: [29.5059,144.801,29.6435]	
Timestamp: 	11001.65288	HandID: 0	Palm_Position: [29.576,145.429,30.8342]	
Timestamp: 	11001.66227	HandID: 0	Palm_Position: [29.6134,145.751,31.3537]	
Timestamp: 	11001.67162	HandID: 0	Palm_Position: [29.4508,145.865,31.4841]	
Timestamp: 	11001.681058	HandID: 0	Palm_Position: [29.3458,145.89,31.5196]	
Timestamp: 	11001.690249	HandID: 0	Palm_Position: [29.296,145.957,31.6192]	
Timestamp: 	11001.69963	HandID: 0	Palm_Position: [29.2132,146.126,31.7362]	
Timestamp: 	11001.709006	HandID: 0	Palm_Position: [29.1758,146.202,31.768]	
Timestamp: 	11001.71836	HandID: 0	Palm_Position: [29.1586,146.249,31.7754]	
Timestamp: 	11001.727789	HandID: 0	Palm_Position: [29.2976,146.374,31.9482]	
Timestamp: 	11001.737085	HandID: 0	Palm_Position: [29.4406,146.422,31.9541]	
Timestamp: 	11001.746378	HandID: 0	Palm_Position: [29.7054,146.418,31.9092]	
Timestamp: 	11001.755758	HandID: 0	Palm_Position: [29.9851,146.081,31.1288]	
Timestamp: 	11001.765144	HandID: 0	Palm_Position: [30.0807,145.301,29.07]	
Timestamp: 	11001.7744	HandID: 0	Palm_Position: [29.6302,145.209,27.2101]	
Timestamp: 	11001.783751	HandID: 0	Palm_Position: [29.0631,144.435,25.6117]	
Timestamp: 	11001.793141	HandID: 0	Palm_Position: [28.6838,143.75,24.5825]	
Timestamp: 	11001.802476	HandID: 0	Palm_Position: [28.6387,143.299,23.9831]	
Timestamp: 	11001.811758	HandID: 0	Palm_Position: [29.0071,143.747,23.9878]	
Timestamp: 	11001.821107	HandID: 0	Palm_Position: [29.4786,144.23,24.1563]	
Timestamp: 	11001.830496	HandID: 0	Palm_Position: [30.3104,144.704,24.7872]	
Timestamp: 	11001.839914	HandID: 0	Palm_Position: [30.7946,144.962,25.1433]	
Timestamp: 	11001.84915	HandID: 0	Palm_Position: [31.1464,145.1,25.5231]	
Timestamp: 	11001.858503	HandID: 0	Palm_Position: [31.0672,144.608,25.4728]	
Timestamp: 	11001.867873	HandID: 0	Palm_Position: [30.7649,143.707,25.2529]	
Timestamp: 	11001.877271	HandID: 0	Palm_Position: [30.5882,143.18,25.1244]	
Timestamp: 	11001.886621	HandID: 0	Palm_Position: [30.3922,142.826,24.8362]	
Timestamp: 	11001.895853	HandID: 0	Palm_Position: [30.1954,142.563,24.7057]	
Timestamp: 	11001.905236	HandID: 0	Palm_Position: [29.985,142.365,24.5312]	
Timestamp: 	11001.914627	HandID: 0	Palm_Position: [30.0857,142.893,24.865]	
Timestamp: 	11001.92393	HandID: 0	Palm_Position: [30.142,143.052,25.5535]	
Timestamp: 	11001.933269	HandID: 0	Palm_Position: [30.1741,142.935,26.4543]	
Timestamp: 	11001.942645	HandID: 0	Palm_Position: [31.2792,144.326,28.2839]	
Timestamp: 	11001.952007	HandID: 0	Palm_Position: [31.4276,144.431,28.8925]	
Timestamp: 	11001.96128	HandID: 0	Palm_Position: [31.4991,144.609,28.9504]	
Timestamp: 	11001.970609	HandID: 0	Palm_Position: [31.558,144.771,28.9826]	
Timestamp: 	11001.980001	HandID: 0	Palm_Position: [31.5094,144.721,29.1014]	
Timestamp: 	11001.989388	HandID: 0	Palm_Position: [31.4644,144.696,29.2074]	
Timestamp: 	11001.998647	HandID: 0	Palm_Position: [31.0212,144.622,29.2243]	
Timestamp: 	11002.008019	HandID: 0	Palm_Position: [30.4343,144.422,28.6196]	
Timestamp: 	11002.017365	HandID: 0	Palm_Position: [29.6935,144.018,27.2399]	
Timestamp: 	11002.026784	HandID: 0	Palm_Position: [29.1468,143.493,25.3667]	
Timestamp: 	11002.036039	HandID: 0	Palm_Position: [29.8753,145.631,25.0002]	
Timestamp: 	11002.045355	HandID: 0	Palm_Position: [29.8168,145.401,24.9322]	
Timestamp: 	11002.054784	HandID: 0	Palm_Position: [29.5601,144.09,25.4592]	
Timestamp: 	11002.064129	HandID: 0	Palm_Position: [29.9376,143.533,26.6828]	
Timestamp: 	11002.073384	HandID: 0	Palm_Position: [30.4839,144.002,27.669]	
Timestamp: 	11002.082734	HandID: 0	Palm_Position: [31.7693,145.402,30.9403]	
Timestamp: 	11002.092143	HandID: 0	Palm_Position: [32.3225,146.543,32.8304]	
Timestamp: 	11002.101502	HandID: 0	Palm_Position: [32.7862,147.645,34.394]	
Timestamp: 	11002.110738	HandID: 0	Palm_Position: [32.2929,148.116,35.2101]	
Timestamp: 	11002.120121	HandID: 0	Palm_Position: [32.0472,148.615,37.5155]	
Timestamp: 	11002.129504	HandID: 0	Palm_Position: [31.731,149.008,39.3007]	
Timestamp: 	11002.13887	HandID: 0	Palm_Position: [31.6285,149.169,40.2712]	
Timestamp: 	11002.148142	HandID: 0	Palm_Position: [31.4654,149.274,40.8115]	
Timestamp: 	11002.157595	HandID: 0	Palm_Position: [31.3682,149.355,41.0423]	
Timestamp: 	11002.166887	HandID: 0	Palm_Position: [31.3123,149.361,41.1409]	
Timestamp: 	11002.176406	HandID: 0	Palm_Position: [31.2137,149.335,41.103]	
Timestamp: 	11002.185509	HandID: 0	Palm_Position: [30.6718,149.182,39.7034]	
Timestamp: 	11002.194854	HandID: 0	Palm_Position: [29.7642,149.031,35.933]	
Timestamp: 	11002.204265	HandID: 0	Palm_Position: [28.5574,148.535,30.9199]	
Timestamp: 	11002.213632	HandID: 0	Palm_Position: [26.8742,148.774,25.7799]	
Timestamp: 	11002.222903	HandID: 0	Palm_Position: [28.7261,139.989,29.1348]	
Timestamp: 	11002.232254	HandID: 0	Palm_Position: [29.3482,136.47,32.1644]	
Timestamp: 	11002.241622	HandID: 0	Palm_Position: [28.9146,135.605,32.7275]	
Timestamp: 	11002.251031	HandID: 0	Palm_Position: [29.0455,135.241,33.1194]	
Timestamp: 	11002.260475	HandID: 0	Palm_Position: [29.232,134.925,33.5465]	
Timestamp: 	11002.269625	HandID: 0	Palm_Position: [29.3746,134.55,33.7373]	
Timestamp: 	11002.279025	HandID: 0	Palm_Position: [29.5594,134.059,33.9347]	
Timestamp: 	11002.288408	HandID: 0	Palm_Position: [29.689,133.488,34.0734]	
Timestamp: 	11002.297657	HandID: 0	Palm_Position: [29.788,132.881,34.2456]	
Timestamp: 	11002.307012	HandID: 0	Palm_Position: [29.9116,132.292,34.3484]	
Timestamp: 	11002.316358	HandID: 0	Palm_Position: [29.9183,131.761,34.449]	
Timestamp: 	11002.325772	HandID: 0	Palm_Position: [29.9698,131.301,34.4919]	
Timestamp: 	11002.334991	HandID: 0	Palm_Position: [30.0925,129.427,34.7259]	
Timestamp: 	11002.344384	HandID: 0	Palm_Position: [30.0766,129.113,34.8385]	
Timestamp: 	11002.353749	HandID: 0	Palm_Position: [30.22,128.081,35.1065]	
Timestamp: 	11002.363131	HandID: 0	Palm_Position: [30.1696,128.115,35.2291]	
Timestamp: 	11002.37254	HandID: 0	Palm_Position: [30.2725,128.597,35.5166]	
Timestamp: 	11002.381775	HandID: 0	Palm_Position: [30.4239,128.545,35.8947]	
Timestamp: 	11002.391122	HandID: 0	Palm_Position: [30.4733,129.123,36.3701]	
Timestamp: 	11002.40049	HandID: 0	Palm_Position: [30.4695,129.954,36.8931]	
Timestamp: 	11002.409937	HandID: 0	Palm_Position: [30.4048,130.578,37.2123]	
Timestamp: 	11002.419153	HandID: 0	Palm_Position: [30.3056,131.113,37.4142]	
Timestamp: 	11002.428528	HandID: 0	Palm_Position: [30.2386,131.645,37.5031]	
Timestamp: 	11002.437863	HandID: 0	Palm_Position: [30.1451,132.235,37.7088]	
Timestamp: 	11002.447283	HandID: 0	Palm_Position: [29.9011,132.869,37.8397]	
Timestamp: 	11002.456501	HandID: 0	Palm_Position: [29.6019,133.429,37.9424]	
Timestamp: 	11002.465862	HandID: 0	Palm_Position: [29.3315,133.943,38.0149]	
Timestamp: 	11002.475272	HandID: 0	Palm_Position: [29.0674,134.555,38.0328]	
Timestamp: 	11002.484672	HandID: 0	Palm_Position: [28.7442,135.074,37.9619]	
Timestamp: 	11002.493894	HandID: 0	Palm_Position: [28.4472,135.687,37.9845]	
Timestamp: 	11002.503241	HandID: 0	Palm_Position: [28.0608,136.052,37.9254]	
Timestamp: 	11002.512646	HandID: 0	Palm_Position: [27.7622,136.332,37.8784]	
Timestamp: 	11002.522043	HandID: 0	Palm_Position: [27.5005,136.589,37.8475]	
Timestamp: 	11002.531234	HandID: 0	Palm_Position: [27.2733,136.855,37.8157]	
Timestamp: 	11002.540632	HandID: 0	Palm_Position: [27.0004,137.1,37.7897]	
Timestamp: 	11002.550025	HandID: 0	Palm_Position: [26.7462,137.312,37.7534]	
Timestamp: 	11002.559471	HandID: 0	Palm_Position: [26.5603,137.509,37.7553]	
Timestamp: 	11002.568632	HandID: 0	Palm_Position: [26.4098,137.65,37.7557]	
Timestamp: 	11002.57802	HandID: 0	Palm_Position: [26.2764,137.762,37.7555]	
Timestamp: 	11002.587387	HandID: 0	Palm_Position: [26.1717,137.847,37.7604]	
Timestamp: 	11002.596809	HandID: 0	Palm_Position: [26.1211,137.976,37.8465]	
Timestamp: 	11002.606016	HandID: 0	Palm_Position: [26.0893,138.076,37.9689]	
Timestamp: 	11002.61538	HandID: 0	Palm_Position: [26.0525,138.125,38.0741]	
Timestamp: 	11002.624753	HandID: 0	Palm_Position: [26.0356,138.146,38.1483]	
Timestamp: 	11002.634143	HandID: 0	Palm_Position: [26.045,138.144,38.2077]	
Timestamp: 	11002.643408	HandID: 0	Palm_Position: [26.073,138.132,38.2628]	
Timestamp: 	11002.652762	HandID: 0	Palm_Position: [26.0903,138.112,38.2999]	
Timestamp: 	11002.662153	HandID: 0	Palm_Position: [26.1364,138.084,38.352]	
Timestamp: 	11002.671561	HandID: 0	Palm_Position: [26.2709,138.04,38.433]	
Timestamp: 	11002.680759	HandID: 0	Palm_Position: [26.475,137.955,38.5261]	
Timestamp: 	11002.690121	HandID: 0	Palm_Position: [26.7591,137.883,38.633]	
Timestamp: 	11002.699504	HandID: 0	Palm_Position: [27.0766,137.804,38.7232]	
Timestamp: 	11002.708885	HandID: 0	Palm_Position: [27.4435,137.742,38.7871]	
Timestamp: 	11002.718102	HandID: 0	Palm_Position: [27.8313,137.696,38.8676]	
Timestamp: 	11002.727551	HandID: 0	Palm_Position: [28.1496,137.649,38.9441]	
Timestamp: 	11002.736871	HandID: 0	Palm_Position: [28.4891,137.663,39.0137]	
Timestamp: 	11002.746293	HandID: 0	Palm_Position: [28.8516,137.674,39.0859]	
Timestamp: 	11002.755518	HandID: 0	Palm_Position: [29.2028,137.72,39.1809]	
Timestamp: 	11002.764876	HandID: 0	Palm_Position: [29.4811,137.789,39.2432]	
Timestamp: 	11002.77429	HandID: 0	Palm_Position: [29.6398,137.823,39.2737]	
Timestamp: 	11002.783603	HandID: 0	Palm_Position: [29.7709,137.854,39.2879]	
Timestamp: 	11002.792899	HandID: 0	Palm_Position: [29.8786,137.877,39.293]	
Timestamp: 	11002.80228	HandID: 0	Palm_Position: [29.9654,137.895,39.295]	
Timestamp: 	11002.811635	HandID: 0	Palm_Position: [30.0386,137.913,39.2928]	
Timestamp: 	11002.82103	HandID: 0	Palm_Position: [30.1356,137.972,39.2915]	
Timestamp: 	11002.83028	HandID: 0	Palm_Position: [30.2174,138.046,39.2997]	
Timestamp: 	11002.839639	HandID: 0	Palm_Position: [30.2864,138.096,39.3068]	
Timestamp: 	11002.84907	HandID: 0	Palm_Position: [30.3234,138.12,39.3043]	
Timestamp: 	11002.858395	HandID: 0	Palm_Position: [30.3607,138.139,39.2998]	
Timestamp: 	11002.867761	HandID: 0	Palm_Position: [30.3747,138.148,39.2921]	
Timestamp: 	11002.877779	HandID: 0	Palm_Position: [30.3899,138.17,39.2822]	
Timestamp: 	11002.889969	HandID: 0	Palm_Position: [30.4059,138.21,39.2818]	
Timestamp: 	11002.897239	HandID: 0	Palm_Position: [30.4058,138.246,39.2889]	
Timestamp: 	11002.905209	HandID: 0	Palm_Position: [30.3945,138.307,39.3133]	
Timestamp: 	11002.914432	HandID: 0	Palm_Position: [30.3711,138.41,39.3504]	
Timestamp: 	11002.92378	HandID: 0	Palm_Position: [30.3644,138.512,39.3985]	
Timestamp: 	11002.933109	HandID: 0	Palm_Position: [30.3639,138.585,39.4358]	
Timestamp: 	11002.942544	HandID: 0	Palm_Position: [30.3763,138.643,39.4676]	
Timestamp: 	11002.95188	HandID: 0	Palm_Position: [30.4516,138.735,39.5621]	
Timestamp: 	11002.961142	HandID: 0	Palm_Position: [30.5426,138.814,39.652]	
Timestamp: 	11002.97051	HandID: 0	Palm_Position: [30.6204,138.871,39.7154]	
Timestamp: 	11002.979921	HandID: 0	Palm_Position: [30.6876,138.9,39.7543]	
Timestamp: 	11002.989143	HandID: 0	Palm_Position: [30.7447,138.913,39.7794]	
Timestamp: 	11002.998541	HandID: 0	Palm_Position: [30.8114,138.92,39.8018]	
Timestamp: 	11003.007939	HandID: 0	Palm_Position: [30.8705,138.919,39.8197]	
Timestamp: 	11003.017276	HandID: 0	Palm_Position: [30.9437,138.908,39.8348]	
Timestamp: 	11003.0265	HandID: 0	Palm_Position: [31.0243,138.884,39.8322]	
Timestamp: 	11003.035933	HandID: 0	Palm_Position: [31.1095,138.86,39.8292]	
Timestamp: 	11003.045274	HandID: 0	Palm_Position: [31.2029,138.824,39.8217]	
Timestamp: 	11003.054649	HandID: 0	Palm_Position: [31.2899,138.774,39.81]	
Timestamp: 	11003.063896	HandID: 0	Palm_Position: [31.3646,138.729,39.7976]	
Timestamp: 	11003.073263	HandID: 0	Palm_Position: [31.4265,138.692,39.7882]	
Timestamp: 	11003.082717	HandID: 0	Palm_Position: [31.4759,138.661,39.7801]	
Timestamp: 	11003.092048	HandID: 0	Palm_Position: [31.5092,138.643,39.7633]	
Timestamp: 	11003.101267	HandID: 0	Palm_Position: [31.5271,138.638,39.7576]	
Timestamp: 	11003.110641	HandID: 0	Palm_Position: [31.5334,138.635,39.7534]	
Timestamp: 	11003.120013	HandID: 0	Palm_Position: [31.5374,138.634,39.749]	
Timestamp: 	11003.129382	HandID: 0	Palm_Position: [31.5431,138.646,39.7503]	
Timestamp: 	11003.138659	HandID: 0	Palm_Position: [31.5461,138.661,39.7534]	
Timestamp: 	11003.147984	HandID: 0	Palm_Position: [31.5432,138.673,39.754]	
Timestamp: 	11003.157357	HandID: 0	Palm_Position: [31.5365,138.683,39.7524]	
Timestamp: 	11003.1668	HandID: 0	Palm_Position: [31.5316,138.691,39.7512]	
Timestamp: 	11003.176004	HandID: 0	Palm_Position: [31.5273,138.7,39.7496]	
Timestamp: 	11003.185382	HandID: 0	Palm_Position: [31.5233,138.708,39.7483]	
Timestamp: 	11003.194742	HandID: 0	Palm_Position: [31.5195,138.716,39.747]	
Timestamp: 	11003.204169	HandID: 0	Palm_Position: [31.5157,138.724,39.7457]	
Timestamp: 	11003.21338	HandID: 0	Palm_Position: [31.5105,138.735,39.7438]	
Timestamp: 	11003.22274	HandID: 0	Palm_Position: [31.5062,138.749,39.7419]	
Timestamp: 	11003.23213	HandID: 0	Palm_Position: [31.5028,138.764,39.7398]	
Timestamp: 	11003.241512	HandID: 0	Palm_Position: [31.501,138.778,39.7378]	
Timestamp: 	11003.250748	HandID: 0	Palm_Position: [31.5021,138.792,39.7383]	
Timestamp: 	11003.260135	HandID: 0	Palm_Position: [31.5054,138.808,39.7402]	
Timestamp: 	11003.269513	HandID: 0	Palm_Position: [31.5118,138.824,39.7442]	
Timestamp: 	11003.278879	HandID: 0	Palm_Position: [31.5836,139.085,38.7136]	
Timestamp: 	11003.288266	HandID: 0	Palm_Position: [31.633,139.253,38.0417]	
Timestamp: 	11003.297491	HandID: 0	Palm_Position: [31.6626,139.326,37.727]	
Timestamp: 	11003.306856	HandID: 0	Palm_Position: [31.6814,139.361,37.5617]	
Timestamp: 	11003.316262	HandID: 0	Palm_Position: [31.6953,139.38,37.4609]	
Timestamp: 	11003.32566	HandID: 0	Palm_Position: [31.711,139.382,37.3978]	
Timestamp: 	11003.334896	HandID: 0	Palm_Position: [31.7971,139.292,37.322]	
Timestamp: 	11003.344257	HandID: 0	Palm_Position: [31.9047,139.186,37.2503]	
Timestamp: 	11003.353568	HandID: 0	Palm_Position: [32.0447,139.079,37.1616]	
Timestamp: 	11003.363058	HandID: 0	Palm_Position: [32.1894,138.952,37.0649]	
Timestamp: 	11003.372254	HandID: 0	Palm_Position: [32.3015,138.847,37.0019]	
Timestamp: 	11003.3816	HandID: 0	Palm_Position: [32.3986,138.767,36.9534]	
Timestamp: 	11003.390974	HandID: 0	Palm_Position: [32.4788,138.699,36.9136]	
Timestamp: 	11003.40044	HandID: 0	Palm_Position: [32.5458,138.643,36.8836]	
Timestamp: 	11003.409626	HandID: 0	Palm_Position: [32.6037,138.595,36.8576]	
Timestamp: 	11003.419027	HandID: 0	Palm_Position: [32.6596,138.549,36.8304]	
Timestamp: 	11003.428385	HandID: 0	Palm_Position: [32.7159,138.505,36.8048]	
Timestamp: 	11003.437757	HandID: 0	Palm_Position: [32.7745,138.46,36.7762]	
Timestamp: 	11003.44698	HandID: 0	Palm_Position: [32.8276,138.419,36.7498]	
Timestamp: 	11003.456368	HandID: 0	Palm_Position: [32.8757,138.383,36.7269]	
Timestamp: 	11003.465744	HandID: 0	Palm_Position: [32.9173,138.349,36.7062]	
Timestamp: 	11003.475186	HandID: 0	Palm_Position: [32.9549,138.317,36.6863]	
Timestamp: 	11003.484397	HandID: 0	Palm_Position: [32.9873,138.287,36.6682]	
Timestamp: 	11003.493779	HandID: 0	Palm_Position: [33.0156,138.26,36.6517]	
Timestamp: 	11003.503118	HandID: 0	Palm_Position: [33.0404,138.234,36.6344]	
Timestamp: 	11003.512577	HandID: 0	Palm_Position: [33.0616,138.208,36.616]	
Timestamp: 	11003.521765	HandID: 0	Palm_Position: [33.0782,138.185,36.5989]	
Timestamp: 	11003.531106	HandID: 0	Palm_Position: [33.0972,138.131,36.5345]	
Timestamp: 	11003.540473	HandID: 0	Palm_Position: [33.1082,138.086,36.4648]	
Timestamp: 	11003.549912	HandID: 0	Palm_Position: [33.0962,138.029,36.3688]	
Timestamp: 	11003.559144	HandID: 0	Palm_Position: [33.0871,137.982,36.2871]	
Timestamp: 	11003.568513	HandID: 0	Palm_Position: [33.079,137.946,36.2199]	
Timestamp: 	11003.577895	HandID: 0	Palm_Position: [33.0729,137.918,36.1653]	
Timestamp: 	11003.587238	HandID: 0	Palm_Position: [33.068,137.895,36.1192]	
Timestamp: 	11003.596501	HandID: 0	Palm_Position: [33.0646,137.878,36.0809]	
Timestamp: 	11003.605889	HandID: 0	Palm_Position: [33.0628,137.863,36.0465]	
Timestamp: 	11003.615237	HandID: 0	Palm_Position: [33.0627,137.851,36.0134]	
Timestamp: 	11003.624663	HandID: 0	Palm_Position: [33.0648,137.84,35.9798]	
Timestamp: 	11003.633897	HandID: 0	Palm_Position: [33.0693,137.827,35.9399]	
Timestamp: 	11003.643248	HandID: 0	Palm_Position: [33.0951,137.8,35.8575]	
Timestamp: 	11003.652652	HandID: 0	Palm_Position: [33.1665,137.765,35.7585]	
Timestamp: 	11003.662101	HandID: 0	Palm_Position: [33.257,137.714,35.6204]	
Timestamp: 	11003.671285	HandID: 0	Palm_Position: [33.3475,137.675,35.4997]	
Timestamp: 	11003.68065	HandID: 0	Palm_Position: [33.4284,137.642,35.3996]	
Timestamp: 	11003.690008	HandID: 0	Palm_Position: [33.4967,137.615,35.3182]	
Timestamp: 	11003.699402	HandID: 0	Palm_Position: [33.553,137.591,35.2539]	
Timestamp: 	11003.708611	HandID: 0	Palm_Position: [33.5961,137.573,35.2046]	
Timestamp: 	11003.717987	HandID: 0	Palm_Position: [33.6321,137.551,35.1606]	
Timestamp: 	11003.727399	HandID: 0	Palm_Position: [33.662,137.531,35.1241]	
Timestamp: 	11003.736792	HandID: 0	Palm_Position: [33.6874,137.512,35.0913]	
Timestamp: 	11003.746022	HandID: 0	Palm_Position: [33.7087,137.496,35.0625]	
Timestamp: 	11003.75538	HandID: 0	Palm_Position: [33.7295,137.478,35.0364]	
Timestamp: 	11003.764761	HandID: 0	Palm_Position: [33.7514,137.461,35.01]	
Timestamp: 	11003.774109	HandID: 0	Palm_Position: [33.7704,137.444,34.9855]	
Timestamp: 	11003.783355	HandID: 0	Palm_Position: [33.7867,137.427,34.9609]	
Timestamp: 	11003.792747	HandID: 0	Palm_Position: [33.8017,137.41,34.9352]	
Timestamp: 	11003.802143	HandID: 0	Palm_Position: [33.8128,137.393,34.912]	
Timestamp: 	11003.811502	HandID: 0	Palm_Position: [33.8336,137.381,34.8997]	
Timestamp: 	11003.820887	HandID: 0	Palm_Position: [33.8844,137.381,34.8805]	
Timestamp: 	11003.83013	HandID: 0	Palm_Position: [33.9405,137.393,34.8763]	
Timestamp: 	11003.839511	HandID: 0	Palm_Position: [34.0084,137.41,34.8752]	
Timestamp: 	11003.848911	HandID: 0	Palm_Position: [34.1272,137.447,34.8618]	
Timestamp: 	11003.858154	HandID: 0	Palm_Position: [34.2508,137.502,34.8616]	
Timestamp: 	11003.867477	HandID: 0	Palm_Position: [34.39,137.584,34.8617]	
