Timestamp: 	10998.933816	HandID: 0	Palm_Direction: [-0.193911,-0.978842,-0.0653239]	
Timestamp: 	10998.94318	HandID: 0	Palm_Direction: [-0.193958,-0.97881,-0.0656668]	
Timestamp: 	10998.952364	HandID: 0	Palm_Direction: [-0.194,-0.978781,-0.0659739]	
Timestamp: 	10998.961765	HandID: 0	Palm_Direction: [-0.194038,-0.978753,-0.0662724]	
Timestamp: 	10998.971142	HandID: 0	Palm_Direction: [-0.19407,-0.978728,-0.0665514]	
Timestamp: 	10998.980553	HandID: 0	Palm_Direction: [-0.194089,-0.978706,-0.0668192]	
Timestamp: 	10998.989766	HandID: 0	Palm_Direction: [-0.194102,-0.978688,-0.067039]	
Timestamp: 	10998.999123	HandID: 0	Palm_Direction: [-0.194036,-0.978688,-0.067229]	
Timestamp: 	10999.008503	HandID: 0	Palm_Direction: [-0.193978,-0.978686,-0.0674242]	
Timestamp: 	10999.01793	HandID: 0	Palm_Direction: [-0.19391,-0.978688,-0.0675943]	
Timestamp: 	10999.02714	HandID: 0	Palm_Direction: [-0.193868,-0.978683,-0.0677854]	
Timestamp: 	10999.036517	HandID: 0	Palm_Direction: [-0.193804,-0.978683,-0.0679626]	
Timestamp: 	10999.045901	HandID: 0	Palm_Direction: [-0.19373,-0.978685,-0.0681499]	
Timestamp: 	10999.055261	HandID: 0	Palm_Direction: [-0.19365,-0.978689,-0.0683181]	
Timestamp: 	10999.064514	HandID: 0	Palm_Direction: [-0.193564,-0.978696,-0.0684607]	
Timestamp: 	10999.073858	HandID: 0	Palm_Direction: [-0.193482,-0.978703,-0.0686006]	
Timestamp: 	10999.083255	HandID: 0	Palm_Direction: [-0.193384,-0.978712,-0.0687456]	
Timestamp: 	10999.092594	HandID: 0	Palm_Direction: [-0.193289,-0.978722,-0.0688694]	
Timestamp: 	10999.101871	HandID: 0	Palm_Direction: [-0.193197,-0.978733,-0.0689759]	
Timestamp: 	10999.111227	HandID: 0	Palm_Direction: [-0.193107,-0.978744,-0.0690699]	
Timestamp: 	10999.120628	HandID: 0	Palm_Direction: [-0.19302,-0.978755,-0.0691513]	
Timestamp: 	10999.129966	HandID: 0	Palm_Direction: [-0.192934,-0.978767,-0.0692195]	
Timestamp: 	10999.139268	HandID: 0	Palm_Direction: [-0.19284,-0.978781,-0.0692851]	
Timestamp: 	10999.148628	HandID: 0	Palm_Direction: [-0.192741,-0.978797,-0.0693323]	
Timestamp: 	10999.158034	HandID: 0	Palm_Direction: [-0.192646,-0.978814,-0.069364]	
Timestamp: 	10999.167364	HandID: 0	Palm_Direction: [-0.192561,-0.978828,-0.0693916]	
Timestamp: 	10999.176646	HandID: 0	Palm_Direction: [-0.192481,-0.978843,-0.0694115]	
Timestamp: 	10999.186018	HandID: 0	Palm_Direction: [-0.192403,-0.978857,-0.0694242]	
Timestamp: 	10999.195385	HandID: 0	Palm_Direction: [-0.192336,-0.97887,-0.0694353]	
Timestamp: 	10999.204747	HandID: 0	Palm_Direction: [-0.192264,-0.978883,-0.0694417]	
Timestamp: 	10999.214031	HandID: 0	Palm_Direction: [-0.192199,-0.978896,-0.0694467]	
Timestamp: 	10999.223376	HandID: 0	Palm_Direction: [-0.192142,-0.978907,-0.0694489]	
Timestamp: 	10999.232773	HandID: 0	Palm_Direction: [-0.192076,-0.97892,-0.0694458]	
Timestamp: 	10999.242247	HandID: 0	Palm_Direction: [-0.19201,-0.978933,-0.0694397]	
Timestamp: 	10999.251591	HandID: 0	Palm_Direction: [-0.191977,-0.978941,-0.0694237]	
Timestamp: 	10999.260759	HandID: 0	Palm_Direction: [-0.191942,-0.978948,-0.0694204]	
Timestamp: 	10999.274234	HandID: 0	Palm_Direction: [-0.191925,-0.978947,-0.0694873]	
Timestamp: 	10999.279981	HandID: 0	Palm_Direction: [-0.191918,-0.978944,-0.06954]	
Timestamp: 	10999.288915	HandID: 0	Palm_Direction: [-0.192173,-0.978847,-0.0701945]	
Timestamp: 	10999.298133	HandID: 0	Palm_Direction: [-0.192,-0.978802,-0.0712906]	
Timestamp: 	10999.307514	HandID: 0	Palm_Direction: [-0.191599,-0.978785,-0.0725905]	
Timestamp: 	10999.316886	HandID: 0	Palm_Direction: [-0.190657,-0.978901,-0.0734976]	
Timestamp: 	10999.326306	HandID: 0	Palm_Direction: [-0.190607,-0.978784,-0.0751754]	
Timestamp: 	10999.335521	HandID: 0	Palm_Direction: [-0.190332,-0.978667,-0.0773571]	
Timestamp: 	10999.344888	HandID: 0	Palm_Direction: [-0.190986,-0.978281,-0.0805655]	
Timestamp: 	10999.354285	HandID: 0	Palm_Direction: [-0.190983,-0.978022,-0.0836606]	
Timestamp: 	10999.363706	HandID: 0	Palm_Direction: [-0.188942,-0.977947,-0.0890014]	
Timestamp: 	10999.372852	HandID: 0	Palm_Direction: [-0.184666,-0.978149,-0.0955097]	
Timestamp: 	10999.382232	HandID: 0	Palm_Direction: [-0.181112,-0.978314,-0.100499]	
Timestamp: 	10999.391652	HandID: 0	Palm_Direction: [-0.178997,-0.978327,-0.104097]	
Timestamp: 	10999.401064	HandID: 0	Palm_Direction: [-0.179603,-0.978204,-0.104211]	
Timestamp: 	10999.410228	HandID: 0	Palm_Direction: [-0.191311,-0.97727,-0.0913426]	
Timestamp: 	10999.419648	HandID: 0	Palm_Direction: [-0.21162,-0.974881,-0.0694505]	
Timestamp: 	10999.428995	HandID: 0	Palm_Direction: [-0.228695,-0.971838,-0.0568361]	
Timestamp: 	10999.438429	HandID: 0	Palm_Direction: [-0.248654,-0.967288,-0.0502502]	
Timestamp: 	10999.447634	HandID: 0	Palm_Direction: [-0.275443,-0.960318,-0.0438167]	
Timestamp: 	10999.457029	HandID: 0	Palm_Direction: [-0.286103,-0.957134,-0.0451699]	
Timestamp: 	10999.466392	HandID: 0	Palm_Direction: [-0.312216,-0.946808,-0.0779525]	
Timestamp: 	10999.47579	HandID: 0	Palm_Direction: [-0.315779,-0.94033,-0.126743]	
Timestamp: 	10999.485012	HandID: 0	Palm_Direction: [-0.302331,-0.937563,-0.171964]	
Timestamp: 	10999.494373	HandID: 0	Palm_Direction: [-0.275504,-0.937425,-0.212916]	
Timestamp: 	10999.503748	HandID: 0	Palm_Direction: [-0.252049,-0.936071,-0.245445]	
Timestamp: 	10999.513166	HandID: 0	Palm_Direction: [-0.23759,-0.935442,-0.261724]	
Timestamp: 	10999.522383	HandID: 0	Palm_Direction: [-0.23089,-0.934805,-0.269869]	
Timestamp: 	10999.531771	HandID: 0	Palm_Direction: [-0.227431,-0.934977,-0.2722]	
Timestamp: 	10999.541108	HandID: 0	Palm_Direction: [-0.213254,-0.936962,-0.276813]	
Timestamp: 	10999.550514	HandID: 0	Palm_Direction: [-0.180623,-0.936924,-0.299246]	
Timestamp: 	10999.559746	HandID: 0	Palm_Direction: [-0.153089,-0.932378,-0.327469]	
Timestamp: 	10999.569161	HandID: 0	Palm_Direction: [-0.126045,-0.924182,-0.360554]	
Timestamp: 	10999.578498	HandID: 0	Palm_Direction: [-0.0808503,-0.91713,-0.390302]	
Timestamp: 	10999.587883	HandID: 0	Palm_Direction: [-0.0502422,-0.910314,-0.410859]	
Timestamp: 	10999.597173	HandID: 0	Palm_Direction: [-0.0522315,-0.910954,-0.409188]	
Timestamp: 	10999.606481	HandID: 0	Palm_Direction: [-0.0708057,-0.913961,-0.399578]	
Timestamp: 	10999.615886	HandID: 0	Palm_Direction: [-0.0895875,-0.918333,-0.385537]	
Timestamp: 	10999.625251	HandID: 0	Palm_Direction: [-0.0932277,-0.921028,-0.378174]	
Timestamp: 	10999.634512	HandID: 0	Palm_Direction: [-0.102902,-0.923911,-0.368511]	
Timestamp: 	10999.643864	HandID: 0	Palm_Direction: [-0.130121,-0.925922,-0.354595]	
Timestamp: 	10999.653244	HandID: 0	Palm_Direction: [-0.16831,-0.925822,-0.338416]	
Timestamp: 	10999.662622	HandID: 0	Palm_Direction: [-0.216742,-0.92316,-0.317488]	
Timestamp: 	10999.671868	HandID: 0	Palm_Direction: [-0.256326,-0.921117,-0.292986]	
Timestamp: 	10999.681284	HandID: 0	Palm_Direction: [-0.299849,-0.911977,-0.279981]	
Timestamp: 	10999.69061	HandID: 0	Palm_Direction: [-0.324062,-0.904594,-0.276936]	
Timestamp: 	10999.700023	HandID: 0	Palm_Direction: [-0.332629,-0.89979,-0.282376]	
Timestamp: 	10999.709245	HandID: 0	Palm_Direction: [-0.336287,-0.89634,-0.288939]	
Timestamp: 	10999.718623	HandID: 0	Palm_Direction: [-0.337718,-0.893401,-0.296278]	
Timestamp: 	10999.728013	HandID: 0	Palm_Direction: [-0.337975,-0.890948,-0.303289]	
Timestamp: 	10999.737388	HandID: 0	Palm_Direction: [-0.341831,-0.885006,-0.316094]	
Timestamp: 	10999.746885	HandID: 0	Palm_Direction: [-0.359562,-0.869521,-0.338598]	
Timestamp: 	10999.756014	HandID: 0	Palm_Direction: [-0.284046,-0.880562,-0.37938]	
Timestamp: 	10999.765458	HandID: 0	Palm_Direction: [-0.264455,-0.860613,-0.435211]	
Timestamp: 	10999.774736	HandID: 0	Palm_Direction: [-0.261176,-0.839998,-0.475595]	
Timestamp: 	10999.784174	HandID: 0	Palm_Direction: [-0.242821,-0.81537,-0.525557]	
Timestamp: 	10999.793358	HandID: 0	Palm_Direction: [-0.159124,-0.832952,-0.529973]	
Timestamp: 	10999.80275	HandID: 0	Palm_Direction: [-0.113142,-0.859917,-0.497737]	
Timestamp: 	10999.812153	HandID: 0	Palm_Direction: [-0.0853361,-0.887834,-0.452181]	
Timestamp: 	10999.821548	HandID: 0	Palm_Direction: [-0.075592,-0.905483,-0.417595]	
Timestamp: 	10999.83078	HandID: 0	Palm_Direction: [-0.0884771,-0.918106,-0.386332]	
Timestamp: 	10999.840107	HandID: 0	Palm_Direction: [-0.0984649,-0.924842,-0.367386]	
Timestamp: 	10999.849517	HandID: 0	Palm_Direction: [-0.109257,-0.931278,-0.347541]	
Timestamp: 	10999.85894	HandID: 0	Palm_Direction: [-0.122271,-0.940322,-0.31756]	
Timestamp: 	10999.868139	HandID: 0	Palm_Direction: [-0.133727,-0.950812,-0.279418]	
Timestamp: 	10999.877522	HandID: 0	Palm_Direction: [-0.132059,-0.961952,-0.239183]	
Timestamp: 	10999.886904	HandID: 0	Palm_Direction: [-0.114871,-0.967441,-0.225527]	
Timestamp: 	10999.896325	HandID: 0	Palm_Direction: [-0.103921,-0.969062,-0.223875]	
Timestamp: 	10999.905502	HandID: 0	Palm_Direction: [-0.100401,-0.967987,-0.230043]	
Timestamp: 	10999.914926	HandID: 0	Palm_Direction: [-0.0988171,-0.964209,-0.246043]	
Timestamp: 	10999.924231	HandID: 0	Palm_Direction: [-0.0976563,-0.958368,-0.268318]	
Timestamp: 	10999.933712	HandID: 0	Palm_Direction: [-0.0981303,-0.952414,-0.28858]	
Timestamp: 	10999.94286	HandID: 0	Palm_Direction: [-0.101299,-0.942558,-0.318313]	
Timestamp: 	10999.952246	HandID: 0	Palm_Direction: [-0.0937523,-0.931696,-0.35093]	
Timestamp: 	10999.961644	HandID: 0	Palm_Direction: [-0.0690405,-0.917842,-0.390896]	
Timestamp: 	10999.971054	HandID: 0	Palm_Direction: [-0.0457254,-0.898916,-0.435729]	
Timestamp: 	10999.980246	HandID: 0	Palm_Direction: [-0.0037209,-0.890642,-0.45469]	
Timestamp: 	10999.989684	HandID: 0	Palm_Direction: [0.0326128,-0.891932,-0.450992]	
Timestamp: 	10999.999009	HandID: 0	Palm_Direction: [0.0658774,-0.896638,-0.437836]	
Timestamp: 	11000.008417	HandID: 0	Palm_Direction: [0.082298,-0.903852,-0.419854]	
Timestamp: 	11000.017663	HandID: 0	Palm_Direction: [0.0919091,-0.909404,-0.405632]	
Timestamp: 	11000.027006	HandID: 0	Palm_Direction: [0.0957513,-0.915576,-0.390581]	
Timestamp: 	11000.036397	HandID: 0	Palm_Direction: [0.0847151,-0.923655,-0.373745]	
Timestamp: 	11000.045801	HandID: 0	Palm_Direction: [0.0655503,-0.936498,-0.344491]	
Timestamp: 	11000.055027	HandID: 0	Palm_Direction: [0.0555787,-0.947862,-0.313796]	
Timestamp: 	11000.064388	HandID: 0	Palm_Direction: [0.0256893,-0.966012,-0.257216]	
Timestamp: 	11000.073733	HandID: 0	Palm_Direction: [0.00716458,-0.979518,-0.20123]	
Timestamp: 	11000.083206	HandID: 0	Palm_Direction: [-0.0288959,-0.986774,-0.159507]	
Timestamp: 	11000.092387	HandID: 0	Palm_Direction: [-0.037593,-0.989939,-0.136409]	
Timestamp: 	11000.101781	HandID: 0	Palm_Direction: [-0.0674535,-0.99003,-0.123652]	
Timestamp: 	11000.111154	HandID: 0	Palm_Direction: [-0.0992746,-0.986063,-0.133509]	
Timestamp: 	11000.120478	HandID: 0	Palm_Direction: [-0.11105,-0.980174,-0.164092]	
Timestamp: 	11000.129738	HandID: 0	Palm_Direction: [-0.098254,-0.974043,-0.203929]	
Timestamp: 	11000.139149	HandID: 0	Palm_Direction: [-0.0724607,-0.964853,-0.252603]	
Timestamp: 	11000.148553	HandID: 0	Palm_Direction: [-0.0597091,-0.956494,-0.285575]	
Timestamp: 	11000.157902	HandID: 0	Palm_Direction: [-0.0545308,-0.950288,-0.306559]	
Timestamp: 	11000.167254	HandID: 0	Palm_Direction: [-0.053606,-0.94528,-0.321826]	
Timestamp: 	11000.176488	HandID: 0	Palm_Direction: [-0.0545193,-0.942212,-0.330552]	
Timestamp: 	11000.185879	HandID: 0	Palm_Direction: [-0.0530385,-0.938769,-0.340441]	
Timestamp: 	11000.195256	HandID: 0	Palm_Direction: [-0.0511683,-0.935284,-0.350179]	
Timestamp: 	11000.204539	HandID: 0	Palm_Direction: [-0.0404715,-0.933601,-0.356021]	
Timestamp: 	11000.213884	HandID: 0	Palm_Direction: [-0.0110823,-0.925214,-0.379285]	
Timestamp: 	11000.223279	HandID: 0	Palm_Direction: [0.0283464,-0.917365,-0.397037]	
Timestamp: 	11000.23263	HandID: 0	Palm_Direction: [0.03062,-0.91109,-0.41107]	
Timestamp: 	11000.242063	HandID: 0	Palm_Direction: [0.0298337,-0.904435,-0.425567]	
Timestamp: 	11000.251254	HandID: 0	Palm_Direction: [0.0343409,-0.890956,-0.452789]	
Timestamp: 	11000.260622	HandID: 0	Palm_Direction: [0.0305862,-0.877112,-0.479311]	
Timestamp: 	11000.270365	HandID: 0	Palm_Direction: [0.0265604,-0.865236,-0.500661]	
Timestamp: 	11000.279401	HandID: 0	Palm_Direction: [0.0290448,-0.857267,-0.514053]	
Timestamp: 	11000.288615	HandID: 0	Palm_Direction: [0.0373328,-0.8523,-0.52172]	
Timestamp: 	11000.298064	HandID: 0	Palm_Direction: [0.0406743,-0.854595,-0.5177]	
Timestamp: 	11000.307349	HandID: 0	Palm_Direction: [0.0372769,-0.863391,-0.503157]	
Timestamp: 	11000.316756	HandID: 0	Palm_Direction: [0.0213854,-0.873785,-0.485842]	
Timestamp: 	11000.326016	HandID: 0	Palm_Direction: [-0.0392855,-0.889327,-0.455581]	
Timestamp: 	11000.335401	HandID: 0	Palm_Direction: [-0.0860042,-0.898363,-0.430752]	
Timestamp: 	11000.344722	HandID: 0	Palm_Direction: [-0.131868,-0.900507,-0.414364]	
Timestamp: 	11000.354183	HandID: 0	Palm_Direction: [-0.16133,-0.899434,-0.406191]	
Timestamp: 	11000.363379	HandID: 0	Palm_Direction: [-0.174553,-0.899158,-0.401306]	
Timestamp: 	11000.372827	HandID: 0	Palm_Direction: [-0.185279,-0.898713,-0.397476]	
Timestamp: 	11000.382127	HandID: 0	Palm_Direction: [-0.192486,-0.897683,-0.396376]	
Timestamp: 	11000.391549	HandID: 0	Palm_Direction: [-0.20638,-0.893849,-0.398048]	
Timestamp: 	11000.400759	HandID: 0	Palm_Direction: [-0.214927,-0.889791,-0.40259]	
Timestamp: 	11000.410101	HandID: 0	Palm_Direction: [-0.187116,-0.895825,-0.403096]	
Timestamp: 	11000.419649	HandID: 0	Palm_Direction: [-0.148159,-0.895829,-0.418975]	
Timestamp: 	11000.428935	HandID: 0	Palm_Direction: [-0.141537,-0.882717,-0.448082]	
Timestamp: 	11000.438103	HandID: 0	Palm_Direction: [-0.140753,-0.876767,-0.459857]	
Timestamp: 	11000.447504	HandID: 0	Palm_Direction: [-0.137735,-0.873635,-0.466681]	
Timestamp: 	11000.456874	HandID: 0	Palm_Direction: [-0.136089,-0.874241,-0.466029]	
Timestamp: 	11000.466257	HandID: 0	Palm_Direction: [-0.156632,-0.881243,-0.445957]	
Timestamp: 	11000.475521	HandID: 0	Palm_Direction: [-0.181422,-0.895879,-0.405569]	
Timestamp: 	11000.484876	HandID: 0	Palm_Direction: [-0.238896,-0.904762,-0.352611]	
Timestamp: 	11000.494244	HandID: 0	Palm_Direction: [-0.292873,-0.904027,-0.311385]	
Timestamp: 	11000.503641	HandID: 0	Palm_Direction: [-0.33589,-0.896312,-0.289488]	
Timestamp: 	11000.512914	HandID: 0	Palm_Direction: [-0.373538,-0.886161,-0.274204]	
Timestamp: 	11000.52223	HandID: 0	Palm_Direction: [-0.388165,-0.880666,-0.27158]	
Timestamp: 	11000.53164	HandID: 0	Palm_Direction: [-0.3923,-0.8789,-0.271358]	
Timestamp: 	11000.541064	HandID: 0	Palm_Direction: [-0.395137,-0.877265,-0.272531]	
Timestamp: 	11000.550247	HandID: 0	Palm_Direction: [-0.397843,-0.874709,-0.276778]	
Timestamp: 	11000.559688	HandID: 0	Palm_Direction: [-0.401629,-0.870255,-0.285218]	
Timestamp: 	11000.569013	HandID: 0	Palm_Direction: [-0.399298,-0.864253,-0.305988]	
Timestamp: 	11000.578381	HandID: 0	Palm_Direction: [-0.383294,-0.863726,-0.327204]	
Timestamp: 	11000.587636	HandID: 0	Palm_Direction: [-0.362701,-0.865097,-0.346491]	
Timestamp: 	11000.597019	HandID: 0	Palm_Direction: [-0.325315,-0.86757,-0.376154]	
Timestamp: 	11000.606376	HandID: 0	Palm_Direction: [-0.238473,-0.876284,-0.418637]	
Timestamp: 	11000.615751	HandID: 0	Palm_Direction: [-0.185759,-0.863247,-0.469359]	
Timestamp: 	11000.624996	HandID: 0	Palm_Direction: [-0.143313,-0.847418,-0.511218]	
Timestamp: 	11000.634376	HandID: 0	Palm_Direction: [-0.0903958,-0.825356,-0.557329]	
Timestamp: 	11000.643742	HandID: 0	Palm_Direction: [-0.0300009,-0.796859,-0.60342]	
Timestamp: 	11000.653116	HandID: 0	Palm_Direction: [0.0184238,-0.774436,-0.632384]	
Timestamp: 	11000.662512	HandID: 0	Palm_Direction: [0.0327698,-0.775451,-0.630556]	
Timestamp: 	11000.671736	HandID: 0	Palm_Direction: [0.0260494,-0.789453,-0.613258]	
Timestamp: 	11000.681149	HandID: 0	Palm_Direction: [-0.0017202,-0.806406,-0.59136]	
Timestamp: 	11000.690476	HandID: 0	Palm_Direction: [-0.0560033,-0.830839,-0.553687]	
Timestamp: 	11000.699875	HandID: 0	Palm_Direction: [-0.131454,-0.858506,-0.495669]	
Timestamp: 	11000.709135	HandID: 0	Palm_Direction: [-0.21175,-0.86351,-0.457725]	
Timestamp: 	11000.718568	HandID: 0	Palm_Direction: [-0.269492,-0.865961,-0.421291]	
Timestamp: 	11000.727882	HandID: 0	Palm_Direction: [-0.2967,-0.86566,-0.403239]	
Timestamp: 	11000.737105	HandID: 0	Palm_Direction: [-0.290753,-0.868657,-0.401121]	
Timestamp: 	11000.746608	HandID: 0	Palm_Direction: [-0.288618,-0.870981,-0.397607]	
Timestamp: 	11000.755867	HandID: 0	Palm_Direction: [-0.28715,-0.871698,-0.397099]	
Timestamp: 	11000.76526	HandID: 0	Palm_Direction: [-0.285237,-0.871528,-0.398848]	
Timestamp: 	11000.77469	HandID: 0	Palm_Direction: [-0.275068,-0.870098,-0.408983]	
Timestamp: 	11000.783871	HandID: 0	Palm_Direction: [-0.253049,-0.866434,-0.430417]	
Timestamp: 	11000.793265	HandID: 0	Palm_Direction: [-0.214115,-0.859689,-0.463778]	
Timestamp: 	11000.802628	HandID: 0	Palm_Direction: [-0.17374,-0.84582,-0.504384]	
Timestamp: 	11000.812018	HandID: 0	Palm_Direction: [-0.111805,-0.830983,-0.544946]	
Timestamp: 	11000.821311	HandID: 0	Palm_Direction: [-0.0713978,-0.814384,-0.575917]	
Timestamp: 	11000.830629	HandID: 0	Palm_Direction: [-0.0343762,-0.796223,-0.604025]	
Timestamp: 	11000.840006	HandID: 0	Palm_Direction: [0.00681803,-0.778482,-0.62763]	
Timestamp: 	11000.849484	HandID: 0	Palm_Direction: [0.0295487,-0.763182,-0.645507]	
Timestamp: 	11000.858619	HandID: 0	Palm_Direction: [0.0445376,-0.749712,-0.660264]	
Timestamp: 	11000.868035	HandID: 0	Palm_Direction: [0.0491455,-0.743564,-0.666856]	
Timestamp: 	11000.87741	HandID: 0	Palm_Direction: [0.0434481,-0.751227,-0.658612]	
Timestamp: 	11000.886797	HandID: 0	Palm_Direction: [0.0263604,-0.763595,-0.645158]	
Timestamp: 	11000.896035	HandID: 0	Palm_Direction: [0.0135527,-0.791124,-0.611506]	
Timestamp: 	11000.905414	HandID: 0	Palm_Direction: [-0.0466306,-0.824584,-0.563815]	
Timestamp: 	11000.914769	HandID: 0	Palm_Direction: [-0.15138,-0.847009,-0.509568]	
Timestamp: 	11000.924178	HandID: 0	Palm_Direction: [-0.239201,-0.848328,-0.472358]	
Timestamp: 	11000.933371	HandID: 0	Palm_Direction: [-0.288551,-0.85035,-0.440049]	
Timestamp: 	11000.942739	HandID: 0	Palm_Direction: [-0.311127,-0.85116,-0.42276]	
Timestamp: 	11000.952104	HandID: 0	Palm_Direction: [-0.306978,-0.85286,-0.422368]	
Timestamp: 	11000.961505	HandID: 0	Palm_Direction: [-0.304098,-0.853731,-0.422692]	
Timestamp: 	11000.970753	HandID: 0	Palm_Direction: [-0.302087,-0.854004,-0.42358]	
Timestamp: 	11000.980124	HandID: 0	Palm_Direction: [-0.299205,-0.853729,-0.426173]	
Timestamp: 	11000.989511	HandID: 0	Palm_Direction: [-0.293958,-0.853588,-0.430089]	
Timestamp: 	11000.998873	HandID: 0	Palm_Direction: [-0.28167,-0.854016,-0.4374]	
Timestamp: 	11001.008152	HandID: 0	Palm_Direction: [-0.253638,-0.858915,-0.444897]	
Timestamp: 	11001.017527	HandID: 0	Palm_Direction: [-0.222398,-0.862548,-0.454478]	
Timestamp: 	11001.026896	HandID: 0	Palm_Direction: [-0.198806,-0.853616,-0.481472]	
Timestamp: 	11001.036295	HandID: 0	Palm_Direction: [-0.138042,-0.847813,-0.512014]	
Timestamp: 	11001.045498	HandID: 0	Palm_Direction: [-0.0975675,-0.842945,-0.529079]	
Timestamp: 	11001.054866	HandID: 0	Palm_Direction: [-0.0666296,-0.845603,-0.529637]	
Timestamp: 	11001.064227	HandID: 0	Palm_Direction: [-0.0834653,-0.850643,-0.519077]	
Timestamp: 	11001.07367	HandID: 0	Palm_Direction: [-0.124379,-0.86885,-0.479196]	
Timestamp: 	11001.082898	HandID: 0	Palm_Direction: [-0.152974,-0.883306,-0.443136]	
Timestamp: 	11001.092267	HandID: 0	Palm_Direction: [-0.192061,-0.88666,-0.42065]	
Timestamp: 	11001.101606	HandID: 0	Palm_Direction: [-0.231853,-0.887628,-0.397946]	
Timestamp: 	11001.111053	HandID: 0	Palm_Direction: [-0.254462,-0.885627,-0.388476]	
Timestamp: 	11001.120229	HandID: 0	Palm_Direction: [-0.263017,-0.883977,-0.386531]	
Timestamp: 	11001.129668	HandID: 0	Palm_Direction: [-0.263381,-0.881891,-0.391023]	
Timestamp: 	11001.139034	HandID: 0	Palm_Direction: [-0.25537,-0.877537,-0.405852]	
Timestamp: 	11001.148374	HandID: 0	Palm_Direction: [-0.242305,-0.872159,-0.425003]	
Timestamp: 	11001.157627	HandID: 0	Palm_Direction: [-0.228829,-0.864609,-0.447313]	
Timestamp: 	11001.167012	HandID: 0	Palm_Direction: [-0.220336,-0.853837,-0.471609]	
Timestamp: 	11001.176367	HandID: 0	Palm_Direction: [-0.214887,-0.842566,-0.493869]	
Timestamp: 	11001.185745	HandID: 0	Palm_Direction: [-0.20986,-0.82465,-0.525273]	
Timestamp: 	11001.195008	HandID: 0	Palm_Direction: [-0.192496,-0.799862,-0.568477]	
Timestamp: 	11001.204381	HandID: 0	Palm_Direction: [-0.168817,-0.777833,-0.605372]	
Timestamp: 	11001.21374	HandID: 0	Palm_Direction: [-0.112251,-0.779394,-0.616397]	
Timestamp: 	11001.223106	HandID: 0	Palm_Direction: [-0.0797635,-0.784391,-0.615116]	
Timestamp: 	11001.232381	HandID: 0	Palm_Direction: [-0.0723848,-0.79048,-0.608195]	
Timestamp: 	11001.241743	HandID: 0	Palm_Direction: [-0.100933,-0.801625,-0.589246]	
Timestamp: 	11001.25121	HandID: 0	Palm_Direction: [-0.15137,-0.812775,-0.562569]	
Timestamp: 	11001.260546	HandID: 0	Palm_Direction: [-0.207217,-0.816131,-0.539437]	
Timestamp: 	11001.269765	HandID: 0	Palm_Direction: [-0.254439,-0.816629,-0.518053]	
Timestamp: 	11001.279178	HandID: 0	Palm_Direction: [-0.276211,-0.825977,-0.491395]	
Timestamp: 	11001.288486	HandID: 0	Palm_Direction: [-0.279609,-0.830715,-0.481385]	
Timestamp: 	11001.297831	HandID: 0	Palm_Direction: [-0.280343,-0.832186,-0.478409]	
Timestamp: 	11001.307153	HandID: 0	Palm_Direction: [-0.274898,-0.833436,-0.47939]	
Timestamp: 	11001.316501	HandID: 0	Palm_Direction: [-0.272578,-0.833993,-0.479747]	
Timestamp: 	11001.325839	HandID: 0	Palm_Direction: [-0.272062,-0.831945,-0.483581]	
Timestamp: 	11001.335249	HandID: 0	Palm_Direction: [-0.269178,-0.826354,-0.494653]	
Timestamp: 	11001.344637	HandID: 0	Palm_Direction: [-0.254352,-0.822238,-0.509147]	
Timestamp: 	11001.353878	HandID: 0	Palm_Direction: [-0.224801,-0.814797,-0.534387]	
Timestamp: 	11001.363242	HandID: 0	Palm_Direction: [-0.185215,-0.802293,-0.567469]	
Timestamp: 	11001.372642	HandID: 0	Palm_Direction: [-0.128361,-0.787318,-0.603037]	
Timestamp: 	11001.382001	HandID: 0	Palm_Direction: [-0.0804477,-0.761739,-0.64287]	
Timestamp: 	11001.391245	HandID: 0	Palm_Direction: [-0.0329918,-0.728335,-0.684426]	
Timestamp: 	11001.400625	HandID: 0	Palm_Direction: [0.00365663,-0.702624,-0.711552]	
Timestamp: 	11001.410011	HandID: 0	Palm_Direction: [0.0195659,-0.701427,-0.712473]	
Timestamp: 	11001.419384	HandID: 0	Palm_Direction: [0.0771713,-0.710462,-0.699492]	
Timestamp: 	11001.428634	HandID: 0	Palm_Direction: [0.0627884,-0.75801,-0.649214]	
Timestamp: 	11001.437983	HandID: 0	Palm_Direction: [0.0242154,-0.805231,-0.592467]	
Timestamp: 	11001.447373	HandID: 0	Palm_Direction: [-0.0440545,-0.849827,-0.525217]	
Timestamp: 	11001.456789	HandID: 0	Palm_Direction: [-0.117237,-0.873614,-0.472286]	
Timestamp: 	11001.466	HandID: 0	Palm_Direction: [-0.163816,-0.88913,-0.427331]	
Timestamp: 	11001.475387	HandID: 0	Palm_Direction: [-0.206523,-0.896925,-0.390992]	
Timestamp: 	11001.484729	HandID: 0	Palm_Direction: [-0.228884,-0.901643,-0.36695]	
Timestamp: 	11001.49415	HandID: 0	Palm_Direction: [-0.242011,-0.90388,-0.352747]	
Timestamp: 	11001.503405	HandID: 0	Palm_Direction: [-0.248913,-0.905068,-0.344811]	
Timestamp: 	11001.512755	HandID: 0	Palm_Direction: [-0.251911,-0.905613,-0.341183]	
Timestamp: 	11001.522103	HandID: 0	Palm_Direction: [-0.251059,-0.906223,-0.340189]	
Timestamp: 	11001.531522	HandID: 0	Palm_Direction: [-0.247505,-0.906737,-0.341422]	
Timestamp: 	11001.540746	HandID: 0	Palm_Direction: [-0.244054,-0.906957,-0.343318]	
Timestamp: 	11001.550161	HandID: 0	Palm_Direction: [-0.23336,-0.908813,-0.345834]	
Timestamp: 	11001.559507	HandID: 0	Palm_Direction: [-0.22484,-0.912307,-0.342261]	
Timestamp: 	11001.56896	HandID: 0	Palm_Direction: [-0.166697,-0.92439,-0.343096]	
Timestamp: 	11001.578459	HandID: 0	Palm_Direction: [-0.117197,-0.924966,-0.361528]	
Timestamp: 	11001.587504	HandID: 0	Palm_Direction: [-0.0721398,-0.921309,-0.38208]	
Timestamp: 	11001.596881	HandID: 0	Palm_Direction: [-0.0513308,-0.915547,-0.398922]	
Timestamp: 	11001.606288	HandID: 0	Palm_Direction: [-0.0328813,-0.912742,-0.40721]	
Timestamp: 	11001.615509	HandID: 0	Palm_Direction: [-0.030628,-0.912457,-0.408024]	
Timestamp: 	11001.624869	HandID: 0	Palm_Direction: [-0.0499782,-0.911922,-0.407309]	
Timestamp: 	11001.634237	HandID: 0	Palm_Direction: [-0.0972128,-0.91659,-0.38783]	
Timestamp: 	11001.643628	HandID: 0	Palm_Direction: [-0.149056,-0.91675,-0.37061]	
Timestamp: 	11001.65288	HandID: 0	Palm_Direction: [-0.173634,-0.918792,-0.354503]	
Timestamp: 	11001.66227	HandID: 0	Palm_Direction: [-0.18334,-0.919214,-0.348471]	
Timestamp: 	11001.67162	HandID: 0	Palm_Direction: [-0.183634,-0.919733,-0.346942]	
Timestamp: 	11001.681058	HandID: 0	Palm_Direction: [-0.182532,-0.920492,-0.345508]	
Timestamp: 	11001.690249	HandID: 0	Palm_Direction: [-0.179904,-0.921172,-0.345076]	
Timestamp: 	11001.69963	HandID: 0	Palm_Direction: [-0.173373,-0.921486,-0.347571]	
Timestamp: 	11001.709006	HandID: 0	Palm_Direction: [-0.169118,-0.921853,-0.348691]	
Timestamp: 	11001.71836	HandID: 0	Palm_Direction: [-0.166469,-0.921987,-0.349611]	
Timestamp: 	11001.727789	HandID: 0	Palm_Direction: [-0.161411,-0.921565,-0.353079]	
Timestamp: 	11001.737085	HandID: 0	Palm_Direction: [-0.156742,-0.921501,-0.355343]	
Timestamp: 	11001.746378	HandID: 0	Palm_Direction: [-0.15064,-0.921313,-0.358456]	
Timestamp: 	11001.755758	HandID: 0	Palm_Direction: [-0.138919,-0.922139,-0.361055]	
Timestamp: 	11001.765144	HandID: 0	Palm_Direction: [-0.110897,-0.925712,-0.361608]	
Timestamp: 	11001.7744	HandID: 0	Palm_Direction: [-0.0722105,-0.923045,-0.377853]	
Timestamp: 	11001.783751	HandID: 0	Palm_Direction: [-0.0542272,-0.923112,-0.380689]	
Timestamp: 	11001.793141	HandID: 0	Palm_Direction: [-0.0492863,-0.924337,-0.378382]	
Timestamp: 	11001.802476	HandID: 0	Palm_Direction: [-0.0592345,-0.926012,-0.372817]	
Timestamp: 	11001.811758	HandID: 0	Palm_Direction: [-0.0722867,-0.92574,-0.371188]	
Timestamp: 	11001.821107	HandID: 0	Palm_Direction: [-0.0891656,-0.925243,-0.368747]	
Timestamp: 	11001.830496	HandID: 0	Palm_Direction: [-0.0955313,-0.924496,-0.369026]	
Timestamp: 	11001.839914	HandID: 0	Palm_Direction: [-0.0981813,-0.923953,-0.36969]	
Timestamp: 	11001.84915	HandID: 0	Palm_Direction: [-0.0932112,-0.922617,-0.374286]	
Timestamp: 	11001.858503	HandID: 0	Palm_Direction: [-0.0899978,-0.921715,-0.377281]	
Timestamp: 	11001.867873	HandID: 0	Palm_Direction: [-0.0912272,-0.921105,-0.378476]	
Timestamp: 	11001.877271	HandID: 0	Palm_Direction: [-0.0919395,-0.920747,-0.379173]	
Timestamp: 	11001.886621	HandID: 0	Palm_Direction: [-0.0923491,-0.919414,-0.382296]	
Timestamp: 	11001.895853	HandID: 0	Palm_Direction: [-0.0936765,-0.91869,-0.383709]	
Timestamp: 	11001.905236	HandID: 0	Palm_Direction: [-0.0969367,-0.917071,-0.386761]	
Timestamp: 	11001.914627	HandID: 0	Palm_Direction: [-0.0961123,-0.9153,-0.391138]	
Timestamp: 	11001.92393	HandID: 0	Palm_Direction: [-0.0850602,-0.91684,-0.390089]	
Timestamp: 	11001.933269	HandID: 0	Palm_Direction: [-0.0681147,-0.920238,-0.385386]	
Timestamp: 	11001.942645	HandID: 0	Palm_Direction: [-0.10163,-0.911341,-0.398909]	
Timestamp: 	11001.952007	HandID: 0	Palm_Direction: [-0.111229,-0.915267,-0.387188]	
Timestamp: 	11001.96128	HandID: 0	Palm_Direction: [-0.114386,-0.916309,-0.383788]	
Timestamp: 	11001.970609	HandID: 0	Palm_Direction: [-0.118146,-0.916806,-0.381456]	
Timestamp: 	11001.980001	HandID: 0	Palm_Direction: [-0.117927,-0.918447,-0.377556]	
Timestamp: 	11001.989388	HandID: 0	Palm_Direction: [-0.118048,-0.91959,-0.374724]	
Timestamp: 	11001.998647	HandID: 0	Palm_Direction: [-0.110255,-0.920651,-0.374494]	
Timestamp: 	11002.008019	HandID: 0	Palm_Direction: [-0.0966673,-0.920826,-0.377803]	
Timestamp: 	11002.017365	HandID: 0	Palm_Direction: [-0.0732654,-0.91923,-0.386844]	
Timestamp: 	11002.026784	HandID: 0	Palm_Direction: [-0.0434951,-0.915909,-0.399022]	
Timestamp: 	11002.036039	HandID: 0	Palm_Direction: [-0.0875528,-0.899698,-0.427642]	
Timestamp: 	11002.045355	HandID: 0	Palm_Direction: [-0.0778551,-0.898088,-0.432871]	
Timestamp: 	11002.054784	HandID: 0	Palm_Direction: [-0.0582135,-0.900897,-0.430111]	
Timestamp: 	11002.064129	HandID: 0	Palm_Direction: [-0.0759986,-0.908857,-0.410127]	
Timestamp: 	11002.073384	HandID: 0	Palm_Direction: [-0.12471,-0.913548,-0.38714]	
Timestamp: 	11002.082734	HandID: 0	Palm_Direction: [-0.199321,-0.906629,-0.37188]	
Timestamp: 	11002.092143	HandID: 0	Palm_Direction: [-0.266382,-0.896741,-0.353408]	
Timestamp: 	11002.101502	HandID: 0	Palm_Direction: [-0.308206,-0.885477,-0.347764]	
Timestamp: 	11002.110738	HandID: 0	Palm_Direction: [-0.317184,-0.884912,-0.341065]	
Timestamp: 	11002.120121	HandID: 0	Palm_Direction: [-0.321833,-0.882927,-0.341852]	
Timestamp: 	11002.129504	HandID: 0	Palm_Direction: [-0.319884,-0.883927,-0.341097]	
Timestamp: 	11002.13887	HandID: 0	Palm_Direction: [-0.318878,-0.884498,-0.340559]	
Timestamp: 	11002.148142	HandID: 0	Palm_Direction: [-0.317107,-0.884708,-0.341665]	
Timestamp: 	11002.157595	HandID: 0	Palm_Direction: [-0.316909,-0.884627,-0.342059]	
Timestamp: 	11002.166887	HandID: 0	Palm_Direction: [-0.316525,-0.885276,-0.34073]	
Timestamp: 	11002.176406	HandID: 0	Palm_Direction: [-0.314724,-0.886133,-0.340172]	
Timestamp: 	11002.185509	HandID: 0	Palm_Direction: [-0.303572,-0.88968,-0.341048]	
Timestamp: 	11002.194854	HandID: 0	Palm_Direction: [-0.282375,-0.894038,-0.347794]	
Timestamp: 	11002.204265	HandID: 0	Palm_Direction: [-0.246713,-0.901481,-0.355619]	
Timestamp: 	11002.213632	HandID: 0	Palm_Direction: [-0.167883,-0.896291,-0.410461]	
Timestamp: 	11002.222903	HandID: 0	Palm_Direction: [-0.0968699,-0.913487,-0.395168]	
Timestamp: 	11002.232254	HandID: 0	Palm_Direction: [-0.0781807,-0.926274,-0.368652]	
Timestamp: 	11002.241622	HandID: 0	Palm_Direction: [-0.0429172,-0.924128,-0.379665]	
Timestamp: 	11002.251031	HandID: 0	Palm_Direction: [-0.0376207,-0.924085,-0.380332]	
Timestamp: 	11002.260475	HandID: 0	Palm_Direction: [-0.0413393,-0.925076,-0.377526]	
Timestamp: 	11002.269625	HandID: 0	Palm_Direction: [-0.0482373,-0.926335,-0.373599]	
Timestamp: 	11002.279025	HandID: 0	Palm_Direction: [-0.0587348,-0.928075,-0.367733]	
Timestamp: 	11002.288408	HandID: 0	Palm_Direction: [-0.0685561,-0.929986,-0.361145]	
Timestamp: 	11002.297657	HandID: 0	Palm_Direction: [-0.0757859,-0.932662,-0.3527]	
Timestamp: 	11002.307012	HandID: 0	Palm_Direction: [-0.0786061,-0.935506,-0.344455]	
Timestamp: 	11002.316358	HandID: 0	Palm_Direction: [-0.0808516,-0.937929,-0.337271]	
Timestamp: 	11002.325772	HandID: 0	Palm_Direction: [-0.081869,-0.939823,-0.331709]	
Timestamp: 	11002.334991	HandID: 0	Palm_Direction: [-0.0511512,-0.942351,-0.330694]	
Timestamp: 	11002.344384	HandID: 0	Palm_Direction: [-0.0554802,-0.943097,-0.327858]	
Timestamp: 	11002.353749	HandID: 0	Palm_Direction: [-0.0338731,-0.9438,-0.328778]	
Timestamp: 	11002.363131	HandID: 0	Palm_Direction: [-0.0394999,-0.943905,-0.327846]	
Timestamp: 	11002.37254	HandID: 0	Palm_Direction: [-0.0557918,-0.944901,-0.322567]	
Timestamp: 	11002.381775	HandID: 0	Palm_Direction: [-0.0497043,-0.946184,-0.319788]	
Timestamp: 	11002.391122	HandID: 0	Palm_Direction: [-0.0663428,-0.946598,-0.315516]	
Timestamp: 	11002.40049	HandID: 0	Palm_Direction: [-0.0881837,-0.945714,-0.312809]	
Timestamp: 	11002.409937	HandID: 0	Palm_Direction: [-0.102608,-0.944714,-0.311427]	
Timestamp: 	11002.419153	HandID: 0	Palm_Direction: [-0.11368,-0.943351,-0.311713]	
Timestamp: 	11002.428528	HandID: 0	Palm_Direction: [-0.123189,-0.941806,-0.312771]	
Timestamp: 	11002.437863	HandID: 0	Palm_Direction: [-0.133619,-0.9399,-0.31422]	
Timestamp: 	11002.447283	HandID: 0	Palm_Direction: [-0.142331,-0.938309,-0.315148]	
Timestamp: 	11002.456501	HandID: 0	Palm_Direction: [-0.149556,-0.936532,-0.317082]	
Timestamp: 	11002.465862	HandID: 0	Palm_Direction: [-0.155725,-0.934751,-0.31936]	
Timestamp: 	11002.475272	HandID: 0	Palm_Direction: [-0.161052,-0.933314,-0.320916]	
Timestamp: 	11002.484672	HandID: 0	Palm_Direction: [-0.165808,-0.931787,-0.322926]	
Timestamp: 	11002.493894	HandID: 0	Palm_Direction: [-0.170692,-0.930206,-0.324931]	
Timestamp: 	11002.503241	HandID: 0	Palm_Direction: [-0.171925,-0.92898,-0.327777]	
Timestamp: 	11002.512646	HandID: 0	Palm_Direction: [-0.173056,-0.9276,-0.331073]	
Timestamp: 	11002.522043	HandID: 0	Palm_Direction: [-0.173661,-0.926615,-0.333505]	
Timestamp: 	11002.531234	HandID: 0	Palm_Direction: [-0.174416,-0.925765,-0.335468]	
Timestamp: 	11002.540632	HandID: 0	Palm_Direction: [-0.174193,-0.925201,-0.337134]	
Timestamp: 	11002.550025	HandID: 0	Palm_Direction: [-0.173691,-0.924828,-0.338416]	
Timestamp: 	11002.559471	HandID: 0	Palm_Direction: [-0.173839,-0.924538,-0.339131]	
Timestamp: 	11002.568632	HandID: 0	Palm_Direction: [-0.173817,-0.924337,-0.339688]	
Timestamp: 	11002.57802	HandID: 0	Palm_Direction: [-0.173896,-0.924088,-0.340324]	
Timestamp: 	11002.587387	HandID: 0	Palm_Direction: [-0.174117,-0.923885,-0.340763]	
Timestamp: 	11002.596809	HandID: 0	Palm_Direction: [-0.176196,-0.923229,-0.341473]	
Timestamp: 	11002.606016	HandID: 0	Palm_Direction: [-0.17806,-0.92255,-0.342338]	
Timestamp: 	11002.61538	HandID: 0	Palm_Direction: [-0.179048,-0.922149,-0.342905]	
Timestamp: 	11002.624753	HandID: 0	Palm_Direction: [-0.179905,-0.921844,-0.343276]	
Timestamp: 	11002.634143	HandID: 0	Palm_Direction: [-0.18046,-0.921608,-0.343616]	
Timestamp: 	11002.643408	HandID: 0	Palm_Direction: [-0.181118,-0.921391,-0.343852]	
Timestamp: 	11002.652762	HandID: 0	Palm_Direction: [-0.181677,-0.921191,-0.344094]	
Timestamp: 	11002.662153	HandID: 0	Palm_Direction: [-0.182372,-0.920929,-0.344426]	
Timestamp: 	11002.671561	HandID: 0	Palm_Direction: [-0.183934,-0.920429,-0.344932]	
Timestamp: 	11002.680759	HandID: 0	Palm_Direction: [-0.18504,-0.919755,-0.346136]	
Timestamp: 	11002.690121	HandID: 0	Palm_Direction: [-0.186045,-0.919065,-0.347428]	
Timestamp: 	11002.699504	HandID: 0	Palm_Direction: [-0.186987,-0.918283,-0.348988]	
Timestamp: 	11002.708885	HandID: 0	Palm_Direction: [-0.1868,-0.917547,-0.351017]	
Timestamp: 	11002.718102	HandID: 0	Palm_Direction: [-0.186235,-0.91697,-0.352821]	
Timestamp: 	11002.727551	HandID: 0	Palm_Direction: [-0.185626,-0.916479,-0.354414]	
Timestamp: 	11002.736871	HandID: 0	Palm_Direction: [-0.186062,-0.916054,-0.355284]	
Timestamp: 	11002.746293	HandID: 0	Palm_Direction: [-0.186632,-0.915632,-0.35607]	
Timestamp: 	11002.755518	HandID: 0	Palm_Direction: [-0.187819,-0.915152,-0.356681]	
Timestamp: 	11002.764876	HandID: 0	Palm_Direction: [-0.188755,-0.914723,-0.357287]	
Timestamp: 	11002.77429	HandID: 0	Palm_Direction: [-0.189088,-0.914461,-0.357779]	
Timestamp: 	11002.783603	HandID: 0	Palm_Direction: [-0.189334,-0.91429,-0.358088]	
Timestamp: 	11002.792899	HandID: 0	Palm_Direction: [-0.189454,-0.914157,-0.358364]	
Timestamp: 	11002.80228	HandID: 0	Palm_Direction: [-0.18954,-0.91405,-0.358592]	
Timestamp: 	11002.811635	HandID: 0	Palm_Direction: [-0.189482,-0.913949,-0.35888]	
Timestamp: 	11002.82103	HandID: 0	Palm_Direction: [-0.189399,-0.913891,-0.35907]	
Timestamp: 	11002.83028	HandID: 0	Palm_Direction: [-0.189226,-0.913946,-0.35902]	
Timestamp: 	11002.839639	HandID: 0	Palm_Direction: [-0.189165,-0.913927,-0.359102]	
Timestamp: 	11002.84907	HandID: 0	Palm_Direction: [-0.189002,-0.91391,-0.35923]	
Timestamp: 	11002.858395	HandID: 0	Palm_Direction: [-0.188893,-0.913864,-0.359405]	
Timestamp: 	11002.867761	HandID: 0	Palm_Direction: [-0.188525,-0.913837,-0.359668]	
Timestamp: 	11002.877779	HandID: 0	Palm_Direction: [-0.188098,-0.913826,-0.359917]	
Timestamp: 	11002.889969	HandID: 0	Palm_Direction: [-0.187513,-0.913798,-0.360294]	
Timestamp: 	11002.897239	HandID: 0	Palm_Direction: [-0.187069,-0.913761,-0.360618]	
Timestamp: 	11002.905209	HandID: 0	Palm_Direction: [-0.186397,-0.91367,-0.361197]	
Timestamp: 	11002.914432	HandID: 0	Palm_Direction: [-0.185434,-0.913558,-0.361975]	
Timestamp: 	11002.92378	HandID: 0	Palm_Direction: [-0.185003,-0.913284,-0.362886]	
Timestamp: 	11002.933109	HandID: 0	Palm_Direction: [-0.184644,-0.913021,-0.363729]	
Timestamp: 	11002.942544	HandID: 0	Palm_Direction: [-0.184406,-0.912776,-0.364466]	
Timestamp: 	11002.95188	HandID: 0	Palm_Direction: [-0.184721,-0.912222,-0.36569]	
Timestamp: 	11002.961142	HandID: 0	Palm_Direction: [-0.185138,-0.911686,-0.366815]	
Timestamp: 	11002.97051	HandID: 0	Palm_Direction: [-0.18536,-0.911256,-0.367769]	
Timestamp: 	11002.979921	HandID: 0	Palm_Direction: [-0.185455,-0.910879,-0.368655]	
Timestamp: 	11002.989143	HandID: 0	Palm_Direction: [-0.185458,-0.91056,-0.36944]	
Timestamp: 	11002.998541	HandID: 0	Palm_Direction: [-0.185425,-0.910215,-0.370305]	
Timestamp: 	11003.007939	HandID: 0	Palm_Direction: [-0.185312,-0.909889,-0.371163]	
Timestamp: 	11003.017276	HandID: 0	Palm_Direction: [-0.185178,-0.909498,-0.372186]	
Timestamp: 	11003.0265	HandID: 0	Palm_Direction: [-0.184874,-0.909011,-0.373524]	
Timestamp: 	11003.035933	HandID: 0	Palm_Direction: [-0.184533,-0.908526,-0.374871]	
Timestamp: 	11003.045274	HandID: 0	Palm_Direction: [-0.184237,-0.90797,-0.37636]	
Timestamp: 	11003.054649	HandID: 0	Palm_Direction: [-0.18387,-0.907381,-0.377958]	
Timestamp: 	11003.063896	HandID: 0	Palm_Direction: [-0.183474,-0.906872,-0.379368]	
Timestamp: 	11003.073263	HandID: 0	Palm_Direction: [-0.183154,-0.906451,-0.380527]	
Timestamp: 	11003.082717	HandID: 0	Palm_Direction: [-0.182883,-0.906112,-0.381465]	
Timestamp: 	11003.092048	HandID: 0	Palm_Direction: [-0.182422,-0.90585,-0.382307]	
Timestamp: 	11003.101267	HandID: 0	Palm_Direction: [-0.182023,-0.905689,-0.382877]	
Timestamp: 	11003.110641	HandID: 0	Palm_Direction: [-0.181751,-0.905568,-0.383293]	
Timestamp: 	11003.120013	HandID: 0	Palm_Direction: [-0.181531,-0.905469,-0.383631]	
Timestamp: 	11003.129382	HandID: 0	Palm_Direction: [-0.181383,-0.905273,-0.384164]	
Timestamp: 	11003.138659	HandID: 0	Palm_Direction: [-0.181263,-0.90505,-0.384744]	
Timestamp: 	11003.147984	HandID: 0	Palm_Direction: [-0.181166,-0.904835,-0.385295]	
Timestamp: 	11003.157357	HandID: 0	Palm_Direction: [-0.181066,-0.904607,-0.385877]	
Timestamp: 	11003.1668	HandID: 0	Palm_Direction: [-0.180982,-0.904398,-0.386405]	
Timestamp: 	11003.176004	HandID: 0	Palm_Direction: [-0.180899,-0.904205,-0.386897]	
Timestamp: 	11003.185382	HandID: 0	Palm_Direction: [-0.180823,-0.904019,-0.387367]	
Timestamp: 	11003.194742	HandID: 0	Palm_Direction: [-0.180752,-0.903842,-0.387812]	
Timestamp: 	11003.204169	HandID: 0	Palm_Direction: [-0.180686,-0.903671,-0.388242]	
Timestamp: 	11003.21338	HandID: 0	Palm_Direction: [-0.180605,-0.903467,-0.388754]	
Timestamp: 	11003.22274	HandID: 0	Palm_Direction: [-0.180528,-0.903245,-0.389305]	
Timestamp: 	11003.23213	HandID: 0	Palm_Direction: [-0.180464,-0.90303,-0.389832]	
Timestamp: 	11003.241512	HandID: 0	Palm_Direction: [-0.180428,-0.902826,-0.39032]	
Timestamp: 	11003.250748	HandID: 0	Palm_Direction: [-0.180431,-0.902617,-0.390804]	
Timestamp: 	11003.260135	HandID: 0	Palm_Direction: [-0.180471,-0.902394,-0.391299]	
Timestamp: 	11003.269513	HandID: 0	Palm_Direction: [-0.180553,-0.902162,-0.391797]	
Timestamp: 	11003.278879	HandID: 0	Palm_Direction: [-0.184585,-0.899637,-0.395705]	
Timestamp: 	11003.288266	HandID: 0	Palm_Direction: [-0.187367,-0.89794,-0.398243]	
Timestamp: 	11003.297491	HandID: 0	Palm_Direction: [-0.188725,-0.8971,-0.399494]	
Timestamp: 	11003.306856	HandID: 0	Palm_Direction: [-0.189461,-0.896645,-0.400166]	
Timestamp: 	11003.316262	HandID: 0	Palm_Direction: [-0.189965,-0.896349,-0.400589]	
Timestamp: 	11003.32566	HandID: 0	Palm_Direction: [-0.190331,-0.896143,-0.400875]	
Timestamp: 	11003.334896	HandID: 0	Palm_Direction: [-0.190629,-0.895111,-0.403035]	
Timestamp: 	11003.344257	HandID: 0	Palm_Direction: [-0.19115,-0.894055,-0.405127]	
Timestamp: 	11003.353568	HandID: 0	Palm_Direction: [-0.19116,-0.892989,-0.407467]	
Timestamp: 	11003.363058	HandID: 0	Palm_Direction: [-0.190553,-0.891842,-0.410253]	
Timestamp: 	11003.372254	HandID: 0	Palm_Direction: [-0.190003,-0.890893,-0.412563]	
Timestamp: 	11003.3816	HandID: 0	Palm_Direction: [-0.189585,-0.890129,-0.4144]	
Timestamp: 	11003.390974	HandID: 0	Palm_Direction: [-0.189232,-0.889475,-0.415962]	
Timestamp: 	11003.40044	HandID: 0	Palm_Direction: [-0.188956,-0.88894,-0.417231]	
Timestamp: 	11003.409626	HandID: 0	Palm_Direction: [-0.188727,-0.888495,-0.41828]	
Timestamp: 	11003.419027	HandID: 0	Palm_Direction: [-0.188528,-0.888075,-0.419262]	
Timestamp: 	11003.428385	HandID: 0	Palm_Direction: [-0.188379,-0.887682,-0.42016]	
Timestamp: 	11003.437757	HandID: 0	Palm_Direction: [-0.188242,-0.887304,-0.421019]	
Timestamp: 	11003.44698	HandID: 0	Palm_Direction: [-0.188148,-0.886959,-0.421787]	
Timestamp: 	11003.456368	HandID: 0	Palm_Direction: [-0.188058,-0.886645,-0.422487]	
Timestamp: 	11003.465744	HandID: 0	Palm_Direction: [-0.187973,-0.886358,-0.423125]	
Timestamp: 	11003.475186	HandID: 0	Palm_Direction: [-0.187876,-0.886092,-0.423725]	
Timestamp: 	11003.484397	HandID: 0	Palm_Direction: [-0.187782,-0.885859,-0.424255]	
Timestamp: 	11003.493779	HandID: 0	Palm_Direction: [-0.187695,-0.885652,-0.424726]	
Timestamp: 	11003.503118	HandID: 0	Palm_Direction: [-0.18759,-0.885465,-0.42516]	
Timestamp: 	11003.512577	HandID: 0	Palm_Direction: [-0.187475,-0.885291,-0.425573]	
Timestamp: 	11003.521765	HandID: 0	Palm_Direction: [-0.187359,-0.885132,-0.425954]	
Timestamp: 	11003.531106	HandID: 0	Palm_Direction: [-0.186728,-0.884802,-0.426916]	
Timestamp: 	11003.540473	HandID: 0	Palm_Direction: [-0.185946,-0.884517,-0.427849]	
Timestamp: 	11003.549912	HandID: 0	Palm_Direction: [-0.18478,-0.883907,-0.429611]	
Timestamp: 	11003.559144	HandID: 0	Palm_Direction: [-0.183795,-0.883388,-0.431098]	
Timestamp: 	11003.568513	HandID: 0	Palm_Direction: [-0.182988,-0.882972,-0.432291]	
Timestamp: 	11003.577895	HandID: 0	Palm_Direction: [-0.18235,-0.882638,-0.433243]	
Timestamp: 	11003.587238	HandID: 0	Palm_Direction: [-0.181822,-0.882359,-0.434031]	
Timestamp: 	11003.596501	HandID: 0	Palm_Direction: [-0.181391,-0.882128,-0.434682]	
Timestamp: 	11003.605889	HandID: 0	Palm_Direction: [-0.181016,-0.881928,-0.435243]	
Timestamp: 	11003.615237	HandID: 0	Palm_Direction: [-0.18068,-0.881745,-0.435752]	
Timestamp: 	11003.624663	HandID: 0	Palm_Direction: [-0.180362,-0.881569,-0.43624]	
Timestamp: 	11003.633897	HandID: 0	Palm_Direction: [-0.180015,-0.881368,-0.43679]	
Timestamp: 	11003.643248	HandID: 0	Palm_Direction: [-0.179423,-0.881009,-0.437756]	
Timestamp: 	11003.652652	HandID: 0	Palm_Direction: [-0.17864,-0.880486,-0.439127]	
Timestamp: 	11003.662101	HandID: 0	Palm_Direction: [-0.177451,-0.879857,-0.440866]	
Timestamp: 	11003.671285	HandID: 0	Palm_Direction: [-0.17653,-0.879321,-0.442302]	
Timestamp: 	11003.68065	HandID: 0	Palm_Direction: [-0.175774,-0.87889,-0.443459]	
Timestamp: 	11003.690008	HandID: 0	Palm_Direction: [-0.175189,-0.878557,-0.44435]	
Timestamp: 	11003.699402	HandID: 0	Palm_Direction: [-0.174721,-0.878289,-0.445063]	
Timestamp: 	11003.708611	HandID: 0	Palm_Direction: [-0.174362,-0.878084,-0.445609]	
Timestamp: 	11003.717987	HandID: 0	Palm_Direction: [-0.174047,-0.877898,-0.446098]	
Timestamp: 	11003.727399	HandID: 0	Palm_Direction: [-0.173808,-0.877728,-0.446525]	
Timestamp: 	11003.736792	HandID: 0	Palm_Direction: [-0.173591,-0.877583,-0.446895]	
Timestamp: 	11003.746022	HandID: 0	Palm_Direction: [-0.173391,-0.877463,-0.447207]	
Timestamp: 	11003.75538	HandID: 0	Palm_Direction: [-0.173192,-0.87734,-0.447525]	
Timestamp: 	11003.764761	HandID: 0	Palm_Direction: [-0.172974,-0.877222,-0.447841]	
Timestamp: 	11003.774109	HandID: 0	Palm_Direction: [-0.172748,-0.877119,-0.44813]	
Timestamp: 	11003.783355	HandID: 0	Palm_Direction: [-0.172477,-0.877021,-0.448427]	
Timestamp: 	11003.792747	HandID: 0	Palm_Direction: [-0.172173,-0.876932,-0.448717]	
Timestamp: 	11003.802143	HandID: 0	Palm_Direction: [-0.171763,-0.876865,-0.449004]	
Timestamp: 	11003.811502	HandID: 0	Palm_Direction: [-0.171259,-0.876731,-0.449458]	
Timestamp: 	11003.820887	HandID: 0	Palm_Direction: [-0.170634,-0.876518,-0.450111]	
Timestamp: 	11003.83013	HandID: 0	Palm_Direction: [-0.169877,-0.876284,-0.450852]	
Timestamp: 	11003.839511	HandID: 0	Palm_Direction: [-0.16916,-0.876009,-0.451656]	
Timestamp: 	11003.848911	HandID: 0	Palm_Direction: [-0.16862,-0.875525,-0.452794]	
Timestamp: 	11003.858154	HandID: 0	Palm_Direction: [-0.168178,-0.875021,-0.453933]	
Timestamp: 	11003.867477	HandID: 0	Palm_Direction: [-0.167829,-0.874494,-0.455075]	
